timestamp,attack_type,action
2026-02-14 11:32:45,R2L,BLOCKED
2026-02-14 11:32:45,DoS,BLOCKED
2026-02-14 11:32:45,U2R,BLOCKED
2026-02-14 11:32:46,U2R,BLOCKED
2026-02-14 11:32:46,U2R,BLOCKED
2026-02-14 11:32:46,U2R,BLOCKED
2026-02-14 11:32:46,DoS,BLOCKED
2026-02-14 11:32:47,DoS,BLOCKED
2026-02-14 11:32:47,U2R,BLOCKED
2026-02-14 11:32:47,U2R,BLOCKED
2026-02-14 11:32:47,DoS,BLOCKED
2026-02-14 11:32:48,DoS,BLOCKED
2026-02-14 11:32:48,DoS,BLOCKED
2026-02-14 11:32:48,DoS,BLOCKED
2026-02-14 11:32:48,DoS,BLOCKED
2026-02-14 11:32:48,DoS,BLOCKED
2026-02-14 11:32:49,U2R,BLOCKED
2026-02-14 11:32:49,DoS,BLOCKED
2026-02-14 11:32:49,DoS,BLOCKED
2026-02-14 11:32:49,DoS,BLOCKED
2026-02-14 11:32:50,U2R,BLOCKED
2026-02-14 11:32:50,U2R,BLOCKED
2026-02-14 11:32:50,DoS,BLOCKED
2026-02-14 11:32:50,DoS,BLOCKED
2026-02-14 11:32:51,U2R,BLOCKED
2026-02-14 11:32:51,DoS,BLOCKED
2026-02-14 11:32:51,DoS,BLOCKED
2026-02-14 11:32:51,U2R,BLOCKED
2026-02-14 11:32:52,DoS,BLOCKED
2026-02-14 11:32:52,U2R,BLOCKED
2026-02-14 11:32:52,U2R,BLOCKED
2026-02-14 11:32:52,U2R,BLOCKED
2026-02-14 11:32:52,U2R,BLOCKED
2026-02-14 11:32:53,Probe,BLOCKED
2026-02-14 11:32:53,U2R,BLOCKED
2026-02-14 11:32:53,U2R,BLOCKED
2026-02-14 11:32:53,U2R,BLOCKED
2026-02-14 11:32:54,DoS,BLOCKED
2026-02-14 11:32:54,DoS,BLOCKED
2026-02-14 11:32:54,DoS,BLOCKED
2026-02-14 11:32:54,U2R,BLOCKED
2026-02-14 11:32:54,DoS,BLOCKED
2026-02-14 11:32:55,DoS,BLOCKED
2026-02-14 11:32:55,DoS,BLOCKED
2026-02-14 11:32:55,U2R,BLOCKED
2026-02-14 11:32:55,DoS,BLOCKED
2026-02-14 11:32:56,DoS,BLOCKED
2026-02-14 11:32:56,DoS,BLOCKED
2026-02-14 11:32:56,DoS,BLOCKED
2026-02-14 11:32:56,DoS,BLOCKED
2026-02-14 11:43:37,R2L,BLOCKED
2026-02-14 11:43:37,DoS,BLOCKED
2026-02-14 11:43:38,U2R,BLOCKED
2026-02-14 11:43:38,U2R,BLOCKED
2026-02-14 11:43:38,U2R,BLOCKED
2026-02-14 11:43:38,U2R,BLOCKED
2026-02-14 11:43:39,DoS,BLOCKED
2026-02-14 11:43:39,DoS,BLOCKED
2026-02-14 11:43:39,U2R,BLOCKED
2026-02-14 11:43:39,U2R,BLOCKED
2026-02-14 11:43:40,DoS,BLOCKED
2026-02-14 11:43:40,DoS,BLOCKED
2026-02-14 11:43:40,DoS,BLOCKED
2026-02-14 11:43:40,DoS,BLOCKED
2026-02-14 11:43:40,DoS,BLOCKED
2026-02-14 11:43:41,DoS,BLOCKED
2026-02-14 11:43:41,U2R,BLOCKED
2026-02-14 11:43:41,DoS,BLOCKED
2026-02-14 11:43:41,DoS,BLOCKED
2026-02-14 11:43:42,DoS,BLOCKED
2026-02-14 11:43:42,U2R,BLOCKED
2026-02-14 11:43:42,U2R,BLOCKED
2026-02-14 11:43:42,DoS,BLOCKED
2026-02-14 11:43:43,DoS,BLOCKED
2026-02-14 11:43:43,U2R,BLOCKED
2026-02-14 11:43:43,DoS,BLOCKED
2026-02-14 11:43:43,DoS,BLOCKED
2026-02-14 11:43:43,U2R,BLOCKED
2026-02-14 11:43:44,DoS,BLOCKED
2026-02-14 11:43:44,U2R,BLOCKED
2026-02-14 11:43:44,U2R,BLOCKED
2026-02-14 11:43:44,U2R,BLOCKED
2026-02-14 11:43:45,U2R,BLOCKED
2026-02-14 11:43:45,Probe,BLOCKED
2026-02-14 11:43:45,U2R,BLOCKED
2026-02-14 11:43:45,U2R,BLOCKED
2026-02-14 11:43:45,U2R,BLOCKED
2026-02-14 11:43:46,DoS,BLOCKED
2026-02-14 11:43:46,DoS,BLOCKED
2026-02-14 11:43:46,DoS,BLOCKED
2026-02-14 11:43:46,U2R,BLOCKED
2026-02-14 11:43:47,DoS,BLOCKED
2026-02-14 11:43:47,DoS,BLOCKED
2026-02-14 11:43:47,DoS,BLOCKED
2026-02-14 11:43:47,U2R,BLOCKED
2026-02-14 11:43:47,DoS,BLOCKED
2026-02-14 11:43:48,DoS,BLOCKED
2026-02-14 11:43:48,DoS,BLOCKED
2026-02-14 11:43:48,DoS,BLOCKED
2026-02-14 11:43:48,DoS,BLOCKED
2026-02-14 11:51:56,R2L,BLOCKED
2026-02-14 11:51:56,DoS,BLOCKED
2026-02-14 11:51:57,U2R,BLOCKED
2026-02-14 11:51:57,U2R,BLOCKED
2026-02-14 11:51:57,U2R,BLOCKED
2026-02-14 11:51:57,U2R,BLOCKED
2026-02-14 11:51:57,DoS,BLOCKED
2026-02-14 11:51:58,DoS,BLOCKED
2026-02-14 11:51:58,U2R,BLOCKED
2026-02-14 11:51:58,U2R,BLOCKED
2026-02-14 11:51:58,DoS,BLOCKED
2026-02-14 11:51:59,DoS,BLOCKED
2026-02-14 11:51:59,DoS,BLOCKED
2026-02-14 11:51:59,DoS,BLOCKED
2026-02-14 11:51:59,DoS,BLOCKED
2026-02-14 11:52:00,DoS,BLOCKED
2026-02-14 11:52:00,U2R,BLOCKED
2026-02-14 11:52:00,DoS,BLOCKED
2026-02-14 11:52:00,DoS,BLOCKED
2026-02-14 11:52:00,DoS,BLOCKED
2026-02-14 11:52:01,U2R,BLOCKED
2026-02-14 11:52:01,U2R,BLOCKED
2026-02-14 11:52:01,DoS,BLOCKED
2026-02-14 11:52:01,DoS,BLOCKED
2026-02-14 11:52:02,U2R,BLOCKED
2026-02-14 11:52:02,DoS,BLOCKED
2026-02-14 11:52:02,DoS,BLOCKED
2026-02-14 11:52:02,U2R,BLOCKED
2026-02-14 11:52:02,DoS,BLOCKED
2026-02-14 11:52:03,U2R,BLOCKED
2026-02-14 11:52:03,U2R,BLOCKED
2026-02-14 11:52:03,U2R,BLOCKED
2026-02-14 11:52:03,U2R,BLOCKED
2026-02-14 11:52:04,Probe,BLOCKED
2026-02-14 11:52:04,U2R,BLOCKED
2026-02-14 11:52:04,U2R,BLOCKED
2026-02-14 11:52:04,U2R,BLOCKED
2026-02-14 11:52:04,DoS,BLOCKED
2026-02-14 11:52:05,DoS,BLOCKED
2026-02-14 11:52:05,DoS,BLOCKED
2026-02-14 11:52:05,U2R,BLOCKED
2026-02-14 11:52:05,DoS,BLOCKED
2026-02-14 11:52:06,DoS,BLOCKED
2026-02-14 11:52:06,DoS,BLOCKED
2026-02-14 11:52:06,U2R,BLOCKED
2026-02-14 11:52:06,DoS,BLOCKED
2026-02-14 11:52:06,DoS,BLOCKED
2026-02-14 11:52:07,DoS,BLOCKED
2026-02-14 11:52:07,DoS,BLOCKED
2026-02-14 11:52:07,DoS,BLOCKED
2026-02-14 12:39:14,R2L,BLOCKED
2026-02-14 12:39:14,DoS,BLOCKED
2026-02-14 12:39:14,U2R,BLOCKED
2026-02-14 12:39:15,U2R,BLOCKED
2026-02-14 12:39:15,U2R,BLOCKED
2026-02-14 12:39:15,U2R,BLOCKED
2026-02-14 12:39:15,DoS,BLOCKED
2026-02-14 12:39:16,DoS,BLOCKED
2026-02-14 12:39:16,U2R,BLOCKED
2026-02-14 12:39:16,U2R,BLOCKED
2026-02-14 12:39:16,DoS,BLOCKED
2026-02-14 12:39:16,DoS,BLOCKED
2026-02-14 12:39:17,DoS,BLOCKED
2026-02-14 12:39:17,DoS,BLOCKED
2026-02-14 12:39:17,DoS,BLOCKED
2026-02-14 12:39:17,DoS,BLOCKED
2026-02-14 12:39:18,U2R,BLOCKED
2026-02-14 12:39:18,DoS,BLOCKED
2026-02-14 12:39:18,DoS,BLOCKED
2026-02-14 12:39:18,DoS,BLOCKED
2026-02-14 12:39:19,U2R,BLOCKED
2026-02-14 12:39:19,U2R,BLOCKED
2026-02-14 12:39:19,DoS,BLOCKED
2026-02-14 12:39:19,DoS,BLOCKED
2026-02-14 12:39:19,U2R,BLOCKED
2026-02-14 12:39:20,DoS,BLOCKED
2026-02-14 12:39:20,DoS,BLOCKED
2026-02-14 12:39:20,U2R,BLOCKED
2026-02-14 12:39:20,DoS,BLOCKED
2026-02-14 12:39:21,U2R,BLOCKED
2026-02-14 12:39:21,U2R,BLOCKED
2026-02-14 12:39:21,U2R,BLOCKED
2026-02-14 12:39:21,U2R,BLOCKED
2026-02-14 12:39:22,Probe,BLOCKED
2026-02-14 12:39:22,U2R,BLOCKED
2026-02-14 12:39:22,U2R,BLOCKED
2026-02-14 12:39:22,U2R,BLOCKED
2026-02-14 12:39:22,DoS,BLOCKED
2026-02-14 12:39:23,DoS,BLOCKED
2026-02-14 12:39:23,DoS,BLOCKED
2026-02-14 12:39:23,U2R,BLOCKED
2026-02-14 12:39:23,DoS,BLOCKED
2026-02-14 12:39:24,DoS,BLOCKED
2026-02-14 12:39:24,DoS,BLOCKED
2026-02-14 12:39:24,U2R,BLOCKED
2026-02-14 12:39:24,DoS,BLOCKED
2026-02-14 12:39:25,DoS,BLOCKED
2026-02-14 12:39:25,DoS,BLOCKED
2026-02-14 12:39:25,DoS,BLOCKED
2026-02-14 12:39:25,DoS,BLOCKED
2026-02-14 12:49:50,R2L,BLOCKED
2026-02-14 12:49:50,DoS,BLOCKED
2026-02-14 12:49:50,U2R,BLOCKED
2026-02-14 12:49:50,U2R,BLOCKED
2026-02-14 12:49:50,U2R,BLOCKED
2026-02-14 12:49:51,U2R,BLOCKED
2026-02-14 12:49:51,DoS,BLOCKED
2026-02-14 12:49:51,DoS,BLOCKED
2026-02-14 12:49:51,U2R,BLOCKED
2026-02-14 12:49:52,U2R,BLOCKED
2026-02-14 12:49:52,DoS,BLOCKED
2026-02-14 12:49:52,DoS,BLOCKED
2026-02-14 12:49:52,DoS,BLOCKED
2026-02-14 12:49:53,DoS,BLOCKED
2026-02-14 12:49:53,DoS,BLOCKED
2026-02-14 12:49:53,DoS,BLOCKED
2026-02-14 12:49:53,U2R,BLOCKED
2026-02-14 12:49:54,DoS,BLOCKED
2026-02-14 12:49:54,DoS,BLOCKED
2026-02-14 12:49:54,DoS,BLOCKED
2026-02-14 12:49:54,U2R,BLOCKED
2026-02-14 12:49:54,U2R,BLOCKED
2026-02-14 12:49:55,DoS,BLOCKED
2026-02-14 12:49:55,DoS,BLOCKED
2026-02-14 12:49:55,U2R,BLOCKED
2026-02-14 12:49:55,DoS,BLOCKED
2026-02-14 12:49:56,DoS,BLOCKED
2026-02-14 12:49:56,U2R,BLOCKED
2026-02-14 12:49:56,DoS,BLOCKED
2026-02-14 12:49:56,U2R,BLOCKED
2026-02-14 12:49:57,U2R,BLOCKED
2026-02-14 12:49:57,U2R,BLOCKED
2026-02-14 12:49:57,U2R,BLOCKED
2026-02-14 12:49:57,Probe,BLOCKED
2026-02-14 12:49:57,U2R,BLOCKED
2026-02-14 12:49:58,U2R,BLOCKED
2026-02-14 12:49:58,U2R,BLOCKED
2026-02-14 12:49:58,DoS,BLOCKED
2026-02-14 12:49:58,DoS,BLOCKED
2026-02-14 12:49:59,DoS,BLOCKED
2026-02-14 12:49:59,U2R,BLOCKED
2026-02-14 12:49:59,DoS,BLOCKED
2026-02-14 12:49:59,DoS,BLOCKED
2026-02-14 12:50:00,DoS,BLOCKED
2026-02-14 12:50:00,U2R,BLOCKED
2026-02-14 12:50:00,DoS,BLOCKED
2026-02-14 12:50:00,DoS,BLOCKED
2026-02-14 12:50:00,DoS,BLOCKED
2026-02-14 12:50:01,DoS,BLOCKED
2026-02-14 12:50:01,DoS,BLOCKED
2026-02-14 13:06:47,R2L,BLOCKED
2026-02-14 13:06:47,DoS,BLOCKED
2026-02-14 13:06:47,U2R,BLOCKED
2026-02-14 13:06:48,U2R,BLOCKED
2026-02-14 13:06:48,U2R,BLOCKED
2026-02-14 13:06:48,U2R,BLOCKED
2026-02-14 13:06:49,DoS,BLOCKED
2026-02-14 13:06:49,DoS,BLOCKED
2026-02-14 13:06:49,U2R,BLOCKED
2026-02-14 13:06:50,U2R,BLOCKED
2026-02-14 13:06:50,DoS,BLOCKED
2026-02-14 13:06:50,DoS,BLOCKED
2026-02-14 13:06:50,DoS,BLOCKED
2026-02-14 13:06:51,DoS,BLOCKED
2026-02-14 13:06:51,DoS,BLOCKED
2026-02-14 13:06:51,DoS,BLOCKED
2026-02-14 13:06:52,U2R,BLOCKED
2026-02-14 13:06:52,DoS,BLOCKED
2026-02-14 13:06:52,DoS,BLOCKED
2026-02-14 13:06:53,DoS,BLOCKED
2026-02-14 13:06:53,U2R,BLOCKED
2026-02-14 13:06:53,U2R,BLOCKED
2026-02-14 13:06:53,DoS,BLOCKED
2026-02-14 13:06:54,DoS,BLOCKED
2026-02-14 13:06:54,U2R,BLOCKED
2026-02-14 13:06:54,DoS,BLOCKED
2026-02-14 13:06:55,DoS,BLOCKED
2026-02-14 13:06:55,U2R,BLOCKED
2026-02-14 13:06:55,DoS,BLOCKED
2026-02-14 13:06:56,U2R,BLOCKED
2026-02-14 13:06:56,U2R,BLOCKED
2026-02-14 13:06:56,U2R,BLOCKED
2026-02-14 13:06:57,U2R,BLOCKED
2026-02-14 13:06:57,Probe,BLOCKED
2026-02-14 13:06:57,U2R,BLOCKED
2026-02-14 13:06:58,U2R,BLOCKED
2026-02-14 13:06:58,U2R,BLOCKED
2026-02-14 13:06:58,DoS,BLOCKED
2026-02-14 13:06:59,DoS,BLOCKED
2026-02-14 13:06:59,DoS,BLOCKED
2026-02-14 13:06:59,U2R,BLOCKED
2026-02-14 13:07:00,DoS,BLOCKED
2026-02-14 13:07:00,DoS,BLOCKED
2026-02-14 13:07:00,DoS,BLOCKED
2026-02-14 13:07:01,U2R,BLOCKED
2026-02-14 13:07:01,DoS,BLOCKED
2026-02-14 13:07:01,DoS,BLOCKED
2026-02-14 13:07:01,DoS,BLOCKED
2026-02-14 13:07:02,DoS,BLOCKED
2026-02-14 13:07:02,DoS,BLOCKED
2026-02-14 13:12:25,R2L,BLOCKED
2026-02-14 13:12:26,DoS,BLOCKED
2026-02-14 13:12:26,U2R,BLOCKED
2026-02-14 13:12:26,U2R,BLOCKED
2026-02-14 13:12:26,U2R,BLOCKED
2026-02-14 13:12:27,U2R,BLOCKED
2026-02-14 13:12:27,DoS,BLOCKED
2026-02-14 13:12:27,DoS,BLOCKED
2026-02-14 13:12:28,U2R,BLOCKED
2026-02-14 13:12:28,U2R,BLOCKED
2026-02-14 13:12:28,DoS,BLOCKED
2026-02-14 13:12:29,DoS,BLOCKED
2026-02-14 13:12:29,DoS,BLOCKED
2026-02-14 13:12:29,DoS,BLOCKED
2026-02-14 13:12:29,DoS,BLOCKED
2026-02-14 13:12:30,DoS,BLOCKED
2026-02-14 13:12:30,U2R,BLOCKED
2026-02-14 13:12:30,DoS,BLOCKED
2026-02-14 13:12:31,DoS,BLOCKED
2026-02-14 13:12:31,DoS,BLOCKED
2026-02-14 13:12:31,U2R,BLOCKED
2026-02-14 13:12:32,U2R,BLOCKED
2026-02-14 13:12:32,DoS,BLOCKED
2026-02-14 13:12:32,DoS,BLOCKED
2026-02-14 13:12:32,U2R,BLOCKED
2026-02-14 13:12:33,DoS,BLOCKED
2026-02-14 13:12:33,DoS,BLOCKED
2026-02-14 13:12:33,U2R,BLOCKED
2026-02-14 13:12:34,DoS,BLOCKED
2026-02-14 13:12:34,U2R,BLOCKED
2026-02-14 13:12:34,U2R,BLOCKED
2026-02-14 13:12:34,U2R,BLOCKED
2026-02-14 13:12:35,U2R,BLOCKED
2026-02-14 13:12:35,Probe,BLOCKED
2026-02-14 13:12:35,U2R,BLOCKED
2026-02-14 13:12:36,U2R,BLOCKED
2026-02-14 13:12:36,U2R,BLOCKED
2026-02-14 13:12:36,DoS,BLOCKED
2026-02-14 13:12:36,DoS,BLOCKED
2026-02-14 13:12:37,DoS,BLOCKED
2026-02-14 13:12:37,U2R,BLOCKED
2026-02-14 13:12:37,DoS,BLOCKED
2026-02-14 13:12:38,DoS,BLOCKED
2026-02-14 13:12:38,DoS,BLOCKED
2026-02-14 13:12:38,U2R,BLOCKED
2026-02-14 13:12:38,DoS,BLOCKED
2026-02-14 13:12:39,DoS,BLOCKED
2026-02-14 13:12:39,DoS,BLOCKED
2026-02-14 13:12:39,DoS,BLOCKED
2026-02-14 13:12:40,DoS,BLOCKED
2026-02-14 15:27:36,Probe,BLOCKED
2026-02-14 15:27:36,Probe,BLOCKED
2026-02-14 15:27:36,Probe,BLOCKED
2026-02-14 15:27:37,Probe,BLOCKED
2026-02-14 15:27:37,Probe,BLOCKED
2026-02-14 15:27:37,Probe,BLOCKED
2026-02-14 15:27:37,Probe,BLOCKED
2026-02-14 15:27:37,Probe,BLOCKED
2026-02-14 15:27:37,Probe,BLOCKED
2026-02-14 15:27:37,Probe,BLOCKED
2026-02-14 15:27:37,Probe,BLOCKED
2026-02-14 15:27:37,Probe,BLOCKED
2026-02-14 15:27:37,Probe,BLOCKED
2026-02-14 15:27:37,Probe,BLOCKED
2026-02-14 15:27:37,Probe,BLOCKED
2026-02-14 15:27:37,Probe,BLOCKED
2026-02-14 15:27:37,Probe,BLOCKED
2026-02-14 15:27:37,Probe,BLOCKED
2026-02-14 15:27:37,Probe,BLOCKED
2026-02-14 15:27:37,Probe,BLOCKED
2026-02-14 15:27:47,Probe,BLOCKED
2026-02-14 15:27:47,Probe,BLOCKED
2026-02-14 15:27:48,Probe,BLOCKED
2026-02-14 15:27:48,Probe,BLOCKED
2026-02-14 15:27:48,Probe,BLOCKED
2026-02-14 15:27:48,Probe,BLOCKED
2026-02-14 15:27:48,Probe,BLOCKED
2026-02-14 15:27:48,Probe,BLOCKED
2026-02-14 15:27:48,Probe,BLOCKED
2026-02-14 15:27:48,Probe,BLOCKED
2026-02-14 15:27:48,Probe,BLOCKED
2026-02-14 15:27:48,Probe,BLOCKED
2026-02-14 15:27:48,Probe,BLOCKED
2026-02-14 15:27:48,Probe,BLOCKED
2026-02-14 15:27:48,Probe,BLOCKED
2026-02-14 15:27:48,Probe,BLOCKED
2026-02-14 15:27:48,Probe,BLOCKED
2026-02-14 15:27:48,Probe,BLOCKED
2026-02-14 15:27:48,Probe,BLOCKED
2026-02-14 15:27:48,Probe,BLOCKED
2026-02-14 15:36:15,Probe,BLOCKED
2026-02-14 15:36:15,Probe,BLOCKED
2026-02-14 15:36:15,Probe,BLOCKED
2026-02-14 15:36:15,Probe,BLOCKED
2026-02-14 15:36:15,R2L,BLOCKED
2026-02-14 15:36:16,R2L,BLOCKED
2026-02-14 15:36:16,R2L,BLOCKED
2026-02-14 15:36:16,R2L,BLOCKED
2026-02-14 15:36:16,R2L,BLOCKED
2026-02-14 15:36:16,R2L,BLOCKED
2026-02-14 15:36:16,Probe,BLOCKED
2026-02-14 15:36:16,R2L,BLOCKED
2026-02-14 15:36:17,R2L,BLOCKED
2026-02-14 15:36:17,Probe,BLOCKED
2026-02-14 15:36:17,Probe,BLOCKED
2026-02-14 15:36:17,Probe,BLOCKED
2026-02-14 15:36:17,Probe,BLOCKED
2026-02-14 15:36:17,Probe,BLOCKED
2026-02-14 15:36:17,Probe,BLOCKED
2026-02-14 15:36:17,Probe,BLOCKED
2026-02-14 15:45:41,Probe,BLOCKED
2026-02-14 15:45:41,U2R,BLOCKED
2026-02-14 15:45:41,U2R,BLOCKED
2026-02-14 15:45:41,U2R,BLOCKED
2026-02-14 15:45:41,Probe,BLOCKED
2026-02-14 15:45:41,Probe,BLOCKED
2026-02-14 15:45:41,Probe,BLOCKED
2026-02-14 15:45:42,Probe,BLOCKED
2026-02-14 15:45:42,Probe,BLOCKED
2026-02-14 15:45:42,Probe,BLOCKED
2026-02-14 15:45:42,Probe,BLOCKED
2026-02-14 15:45:43,U2R,BLOCKED
2026-02-14 15:45:44,U2R,BLOCKED
2026-02-14 15:45:44,R2L,BLOCKED
2026-02-14 15:45:44,R2L,BLOCKED
2026-02-14 15:45:44,R2L,BLOCKED
2026-02-14 15:45:44,Probe,BLOCKED
2026-02-14 15:45:44,Probe,BLOCKED
2026-02-14 15:45:44,Probe,BLOCKED
2026-02-14 15:45:44,Probe,BLOCKED
2026-02-14 16:01:02,Probe,BLOCKED
2026-02-14 16:01:02,Probe,BLOCKED
2026-02-14 16:01:02,Probe,BLOCKED
2026-02-14 16:01:02,Probe,BLOCKED
2026-02-14 16:01:02,U2R,BLOCKED
2026-02-14 16:01:02,U2R,BLOCKED
2026-02-14 16:01:02,U2R,BLOCKED
2026-02-14 16:01:02,Probe,BLOCKED
2026-02-14 16:01:02,Probe,BLOCKED
2026-02-14 16:01:04,Probe,BLOCKED
2026-02-14 16:01:04,Probe,BLOCKED
2026-02-14 16:01:04,Probe,BLOCKED
2026-02-14 16:01:04,U2R,BLOCKED
2026-02-14 16:01:04,U2R,BLOCKED
2026-02-14 16:01:04,U2R,BLOCKED
2026-02-14 16:01:04,Probe,BLOCKED
2026-02-14 16:01:04,Probe,BLOCKED
2026-02-14 16:01:04,Probe,BLOCKED
2026-02-14 16:01:04,Probe,BLOCKED
2026-02-14 16:01:04,Probe,BLOCKED
2026-02-14 16:03:29,Probe,BLOCKED
2026-02-14 16:03:29,Probe,BLOCKED
2026-02-14 16:03:29,Probe,BLOCKED
2026-02-14 16:03:29,Probe,BLOCKED
2026-02-14 16:03:29,Probe,BLOCKED
2026-02-14 16:03:29,Probe,BLOCKED
2026-02-14 16:03:29,U2R,BLOCKED
2026-02-14 16:03:29,U2R,BLOCKED
2026-02-14 16:03:29,Probe,BLOCKED
2026-02-14 16:03:29,Probe,BLOCKED
2026-02-14 16:03:29,Probe,BLOCKED
2026-02-14 16:03:29,U2R,BLOCKED
2026-02-14 16:03:29,U2R,BLOCKED
2026-02-14 16:03:29,Probe,BLOCKED
2026-02-14 16:03:29,Probe,BLOCKED
2026-02-14 16:03:29,U2R,BLOCKED
2026-02-14 16:03:29,U2R,BLOCKED
2026-02-14 16:03:29,Probe,BLOCKED
2026-02-14 16:03:29,U2R,BLOCKED
2026-02-14 16:03:29,U2R,BLOCKED
2026-02-14 16:03:43,Probe,BLOCKED
2026-02-14 16:03:43,U2R,BLOCKED
2026-02-14 16:03:43,Probe,BLOCKED
2026-02-14 16:03:43,Probe,BLOCKED
2026-02-14 16:03:43,Probe,BLOCKED
2026-02-14 16:03:43,U2R,BLOCKED
2026-02-14 16:03:43,U2R,BLOCKED
2026-02-14 16:03:43,R2L,BLOCKED
2026-02-14 16:03:43,R2L,BLOCKED
2026-02-14 16:03:43,R2L,BLOCKED
2026-02-14 16:03:43,Probe,BLOCKED
2026-02-14 16:03:43,R2L,BLOCKED
2026-02-14 16:03:43,Probe,BLOCKED
2026-02-14 16:03:43,Probe,BLOCKED
2026-02-14 16:03:44,Probe,BLOCKED
2026-02-14 16:03:44,R2L,BLOCKED
2026-02-14 16:03:44,U2R,BLOCKED
2026-02-14 16:03:44,U2R,BLOCKED
2026-02-14 16:03:44,Probe,BLOCKED
2026-02-14 16:03:44,Probe,BLOCKED
2026-02-14 16:04:00,Probe,BLOCKED
2026-02-14 16:04:00,Probe,BLOCKED
2026-02-14 16:04:00,Probe,BLOCKED
2026-02-14 16:04:00,Probe,BLOCKED
2026-02-14 16:04:00,U2R,BLOCKED
2026-02-14 16:04:00,U2R,BLOCKED
2026-02-14 16:04:00,Probe,BLOCKED
2026-02-14 16:04:01,Probe,BLOCKED
2026-02-14 16:04:01,Probe,BLOCKED
2026-02-14 16:04:01,Probe,BLOCKED
2026-02-14 16:04:01,U2R,BLOCKED
2026-02-14 16:04:01,Probe,BLOCKED
2026-02-14 16:04:01,Probe,BLOCKED
2026-02-14 16:04:01,Probe,BLOCKED
2026-02-14 16:04:01,Probe,BLOCKED
2026-02-14 16:04:01,Probe,BLOCKED
2026-02-14 16:04:01,Probe,BLOCKED
2026-02-14 16:04:01,U2R,BLOCKED
2026-02-14 16:04:01,U2R,BLOCKED
2026-02-14 16:04:01,U2R,BLOCKED
2026-02-14 16:04:11,Probe,BLOCKED
2026-02-14 16:04:11,Probe,BLOCKED
2026-02-14 16:04:11,Probe,BLOCKED
2026-02-14 16:04:11,Probe,BLOCKED
2026-02-14 16:04:11,Probe,BLOCKED
2026-02-14 16:04:11,Probe,BLOCKED
2026-02-14 16:04:11,Probe,BLOCKED
2026-02-14 16:04:11,Probe,BLOCKED
2026-02-14 16:04:11,Probe,BLOCKED
2026-02-14 16:04:11,U2R,BLOCKED
2026-02-14 16:04:12,Probe,BLOCKED
2026-02-14 16:04:12,R2L,BLOCKED
2026-02-14 16:04:12,R2L,BLOCKED
2026-02-14 16:04:12,Probe,BLOCKED
2026-02-14 16:04:12,Probe,BLOCKED
2026-02-14 16:04:12,Probe,BLOCKED
2026-02-14 16:04:12,Probe,BLOCKED
2026-02-14 16:04:12,Probe,BLOCKED
2026-02-14 16:04:12,Probe,BLOCKED
2026-02-14 16:04:12,Probe,BLOCKED
2026-02-14 16:05:22,Probe,BLOCKED
2026-02-14 16:05:22,Probe,BLOCKED
2026-02-14 16:05:22,Probe,BLOCKED
2026-02-14 16:05:22,Probe,BLOCKED
2026-02-14 16:05:22,Probe,BLOCKED
2026-02-14 16:05:23,Probe,BLOCKED
2026-02-14 16:05:23,Probe,BLOCKED
2026-02-14 16:05:23,Probe,BLOCKED
2026-02-14 16:05:23,U2R,BLOCKED
2026-02-14 16:05:23,U2R,BLOCKED
2026-02-14 16:05:23,Probe,BLOCKED
2026-02-14 16:05:23,Probe,BLOCKED
2026-02-14 16:05:23,Probe,BLOCKED
2026-02-14 16:05:23,R2L,BLOCKED
2026-02-14 16:05:23,R2L,BLOCKED
2026-02-14 16:05:23,Probe,BLOCKED
2026-02-14 16:05:23,U2R,BLOCKED
2026-02-14 16:05:23,Probe,BLOCKED
2026-02-14 16:05:23,Probe,BLOCKED
2026-02-14 16:05:23,Probe,BLOCKED
2026-02-14 16:10:36,Probe,BLOCKED
2026-02-14 16:10:36,Probe,BLOCKED
2026-02-14 16:10:36,Probe,BLOCKED
2026-02-14 16:10:36,Probe,BLOCKED
2026-02-14 16:10:36,Probe,BLOCKED
2026-02-14 16:10:36,Probe,BLOCKED
2026-02-14 16:10:36,Probe,BLOCKED
2026-02-14 16:10:36,Probe,BLOCKED
2026-02-14 16:10:36,U2R,BLOCKED
2026-02-14 16:10:36,Probe,BLOCKED
2026-02-14 16:10:36,Probe,BLOCKED
2026-02-14 16:10:36,U2R,BLOCKED
2026-02-14 16:10:36,U2R,BLOCKED
2026-02-14 16:10:37,Probe,BLOCKED
2026-02-14 16:10:37,Probe,BLOCKED
2026-02-14 16:10:37,Probe,BLOCKED
2026-02-14 16:10:37,Probe,BLOCKED
2026-02-14 16:10:37,U2R,BLOCKED
2026-02-14 16:10:37,U2R,BLOCKED
2026-02-14 16:10:37,U2R,BLOCKED
2026-02-14 16:10:40,Probe,BLOCKED
2026-02-14 16:10:41,Probe,BLOCKED
2026-02-14 16:10:41,U2R,BLOCKED
2026-02-14 16:10:41,U2R,BLOCKED
2026-02-14 16:10:41,U2R,BLOCKED
2026-02-14 16:10:41,Probe,BLOCKED
2026-02-14 16:10:41,Probe,BLOCKED
2026-02-14 16:10:41,Probe,BLOCKED
2026-02-14 16:10:41,Probe,BLOCKED
2026-02-14 16:10:41,R2L,BLOCKED
2026-02-14 16:10:41,R2L,BLOCKED
2026-02-14 16:10:41,Probe,BLOCKED
2026-02-14 16:10:41,U2R,BLOCKED
2026-02-14 16:10:42,U2R,BLOCKED
2026-02-14 16:10:42,U2R,BLOCKED
2026-02-14 16:10:42,U2R,BLOCKED
2026-02-14 16:10:42,Probe,BLOCKED
2026-02-14 16:10:42,Probe,BLOCKED
2026-02-14 16:10:42,Probe,BLOCKED
2026-02-14 16:10:42,Probe,BLOCKED
2026-02-14 16:10:44,R2L,BLOCKED
2026-02-14 16:10:45,Probe,BLOCKED
2026-02-14 16:10:45,Probe,BLOCKED
2026-02-14 16:10:45,Probe,BLOCKED
2026-02-14 16:10:45,Probe,BLOCKED
2026-02-14 16:10:45,U2R,BLOCKED
2026-02-14 16:10:45,Probe,BLOCKED
2026-02-14 16:10:45,Probe,BLOCKED
2026-02-14 16:10:45,U2R,BLOCKED
2026-02-14 16:10:45,U2R,BLOCKED
2026-02-14 16:10:45,U2R,BLOCKED
2026-02-14 16:10:45,U2R,BLOCKED
2026-02-14 16:10:45,U2R,BLOCKED
2026-02-14 16:10:46,U2R,BLOCKED
2026-02-14 16:10:46,U2R,BLOCKED
2026-02-14 16:10:46,U2R,BLOCKED
2026-02-14 16:10:46,Probe,BLOCKED
2026-02-14 16:10:46,Probe,BLOCKED
2026-02-14 16:10:46,U2R,BLOCKED
2026-02-14 16:10:47,U2R,BLOCKED
2026-02-14 16:10:49,Probe,BLOCKED
2026-02-14 16:10:49,Probe,BLOCKED
2026-02-14 16:10:50,Probe,BLOCKED
2026-02-14 16:10:50,Probe,BLOCKED
2026-02-14 16:10:50,U2R,BLOCKED
2026-02-14 16:10:50,U2R,BLOCKED
2026-02-14 16:10:50,Probe,BLOCKED
2026-02-14 16:10:50,U2R,BLOCKED
2026-02-14 16:10:50,Probe,BLOCKED
2026-02-14 16:10:50,Probe,BLOCKED
2026-02-14 16:10:50,Probe,BLOCKED
2026-02-14 16:10:50,U2R,BLOCKED
2026-02-14 16:10:50,Probe,BLOCKED
2026-02-14 16:10:50,Probe,BLOCKED
2026-02-14 16:10:51,R2L,BLOCKED
2026-02-14 16:10:51,Probe,BLOCKED
2026-02-14 16:10:51,R2L,BLOCKED
2026-02-14 16:10:51,Probe,BLOCKED
2026-02-14 16:10:51,Probe,BLOCKED
2026-02-14 16:10:51,Probe,BLOCKED
2026-02-14 16:10:53,Probe,BLOCKED
2026-02-14 16:10:53,Probe,BLOCKED
2026-02-14 16:10:54,Probe,BLOCKED
2026-02-14 16:10:54,Probe,BLOCKED
2026-02-14 16:10:54,Probe,BLOCKED
2026-02-14 16:10:54,Probe,BLOCKED
2026-02-14 16:10:54,Probe,BLOCKED
2026-02-14 16:10:54,Probe,BLOCKED
2026-02-14 16:10:54,Probe,BLOCKED
2026-02-14 16:10:54,Probe,BLOCKED
2026-02-14 16:10:54,Probe,BLOCKED
2026-02-14 16:10:54,Probe,BLOCKED
2026-02-14 16:10:54,Probe,BLOCKED
2026-02-14 16:10:54,Probe,BLOCKED
2026-02-14 16:10:54,Probe,BLOCKED
2026-02-14 16:10:54,Probe,BLOCKED
2026-02-14 16:10:54,U2R,BLOCKED
2026-02-14 16:10:54,Probe,BLOCKED
2026-02-14 16:10:54,U2R,BLOCKED
2026-02-14 16:10:54,U2R,BLOCKED
2026-02-14 16:10:56,Probe,BLOCKED
2026-02-14 16:10:56,U2R,BLOCKED
2026-02-14 16:10:57,U2R,BLOCKED
2026-02-14 16:10:57,U2R,BLOCKED
2026-02-14 16:10:57,Probe,BLOCKED
2026-02-14 16:10:57,U2R,BLOCKED
2026-02-14 16:10:57,U2R,BLOCKED
2026-02-14 16:10:57,R2L,BLOCKED
2026-02-14 16:10:57,R2L,BLOCKED
2026-02-14 16:10:58,Probe,BLOCKED
2026-02-14 16:10:58,Probe,BLOCKED
2026-02-14 16:10:58,Probe,BLOCKED
2026-02-14 16:10:58,Probe,BLOCKED
2026-02-14 16:10:58,Probe,BLOCKED
2026-02-14 16:10:58,Probe,BLOCKED
2026-02-14 16:10:58,Probe,BLOCKED
2026-02-14 16:10:58,U2R,BLOCKED
2026-02-14 16:10:58,Probe,BLOCKED
2026-02-14 16:10:58,Probe,BLOCKED
2026-02-14 16:10:58,Probe,BLOCKED
2026-02-14 16:11:00,U2R,BLOCKED
2026-02-14 16:11:01,Probe,BLOCKED
2026-02-14 16:11:01,Probe,BLOCKED
2026-02-14 16:11:01,Probe,BLOCKED
2026-02-14 16:11:02,U2R,BLOCKED
2026-02-14 16:11:02,U2R,BLOCKED
2026-02-14 16:11:02,U2R,BLOCKED
2026-02-14 16:11:02,Probe,BLOCKED
2026-02-14 16:11:02,Probe,BLOCKED
2026-02-14 16:11:02,Probe,BLOCKED
2026-02-14 16:11:02,Probe,BLOCKED
2026-02-14 16:11:02,Probe,BLOCKED
2026-02-14 16:11:02,Probe,BLOCKED
2026-02-14 16:11:02,U2R,BLOCKED
2026-02-14 16:11:02,U2R,BLOCKED
2026-02-14 16:11:02,U2R,BLOCKED
2026-02-14 16:11:02,U2R,BLOCKED
2026-02-14 16:11:02,Probe,BLOCKED
2026-02-14 16:11:02,U2R,BLOCKED
2026-02-14 16:11:03,Probe,BLOCKED
2026-02-14 16:11:06,U2R,BLOCKED
2026-02-14 16:11:06,U2R,BLOCKED
2026-02-14 16:11:06,U2R,BLOCKED
2026-02-14 16:11:07,U2R,BLOCKED
2026-02-14 16:11:07,Probe,BLOCKED
2026-02-14 16:11:07,U2R,BLOCKED
2026-02-14 16:11:07,Probe,BLOCKED
2026-02-14 16:11:07,Probe,BLOCKED
2026-02-14 16:11:07,Probe,BLOCKED
2026-02-14 16:11:07,Probe,BLOCKED
2026-02-14 16:11:07,Probe,BLOCKED
2026-02-14 16:11:07,U2R,BLOCKED
2026-02-14 16:11:07,Probe,BLOCKED
2026-02-14 16:11:07,U2R,BLOCKED
2026-02-14 16:11:07,Probe,BLOCKED
2026-02-14 16:11:07,U2R,BLOCKED
2026-02-14 16:11:07,Probe,BLOCKED
2026-02-14 16:11:07,Probe,BLOCKED
2026-02-14 16:11:07,Probe,BLOCKED
2026-02-14 16:11:07,Probe,BLOCKED
2026-02-14 16:11:10,Probe,BLOCKED
2026-02-14 16:11:10,Probe,BLOCKED
2026-02-14 16:11:10,Probe,BLOCKED
2026-02-14 16:11:10,Probe,BLOCKED
2026-02-14 16:11:10,Probe,BLOCKED
2026-02-14 16:11:10,Probe,BLOCKED
2026-02-14 16:11:10,Probe,BLOCKED
2026-02-14 16:11:10,Probe,BLOCKED
2026-02-14 16:11:10,Probe,BLOCKED
2026-02-14 16:11:10,Probe,BLOCKED
2026-02-14 16:11:10,Probe,BLOCKED
2026-02-14 16:11:10,Probe,BLOCKED
2026-02-14 16:11:10,Probe,BLOCKED
2026-02-14 16:11:10,Probe,BLOCKED
2026-02-14 16:11:10,Probe,BLOCKED
2026-02-14 16:11:10,Probe,BLOCKED
2026-02-14 16:11:10,Probe,BLOCKED
2026-02-14 16:11:10,Probe,BLOCKED
2026-02-14 16:11:10,Probe,BLOCKED
2026-02-14 16:11:10,Probe,BLOCKED
2026-02-14 16:11:12,Probe,BLOCKED
2026-02-14 16:11:12,Probe,BLOCKED
2026-02-14 16:11:12,Probe,BLOCKED
2026-02-14 16:11:12,Probe,BLOCKED
2026-02-14 16:11:12,R2L,BLOCKED
2026-02-14 16:11:12,R2L,BLOCKED
2026-02-14 16:11:12,Probe,BLOCKED
2026-02-14 16:11:12,Probe,BLOCKED
2026-02-14 16:11:12,Probe,BLOCKED
2026-02-14 16:11:12,Probe,BLOCKED
2026-02-14 16:11:12,Probe,BLOCKED
2026-02-14 16:11:13,U2R,BLOCKED
2026-02-14 16:11:13,Probe,BLOCKED
2026-02-14 16:11:13,Probe,BLOCKED
2026-02-14 16:11:13,Probe,BLOCKED
2026-02-14 16:11:13,U2R,BLOCKED
2026-02-14 16:11:13,Probe,BLOCKED
2026-02-14 16:11:13,Probe,BLOCKED
2026-02-14 16:11:13,Probe,BLOCKED
2026-02-14 16:11:13,Probe,BLOCKED
2026-02-14 16:11:15,Probe,BLOCKED
2026-02-14 16:11:15,Probe,BLOCKED
2026-02-14 16:11:15,Probe,BLOCKED
2026-02-14 16:11:15,Probe,BLOCKED
2026-02-14 16:11:15,Probe,BLOCKED
2026-02-14 16:11:15,Probe,BLOCKED
2026-02-14 16:11:15,Probe,BLOCKED
2026-02-14 16:11:15,Probe,BLOCKED
2026-02-14 16:11:15,Probe,BLOCKED
2026-02-14 16:11:15,Probe,BLOCKED
2026-02-14 16:11:15,Probe,BLOCKED
2026-02-14 16:11:15,Probe,BLOCKED
2026-02-14 16:11:15,Probe,BLOCKED
2026-02-14 16:11:15,Probe,BLOCKED
2026-02-14 16:11:15,Probe,BLOCKED
2026-02-14 16:11:15,Probe,BLOCKED
2026-02-14 16:11:16,Probe,BLOCKED
2026-02-14 16:11:16,Probe,BLOCKED
2026-02-14 16:11:16,Probe,BLOCKED
2026-02-14 16:11:16,Probe,BLOCKED
2026-02-14 16:11:17,Probe,BLOCKED
2026-02-14 16:11:18,Probe,BLOCKED
2026-02-14 16:11:18,Probe,BLOCKED
2026-02-14 16:11:18,Probe,BLOCKED
2026-02-14 16:11:18,Probe,BLOCKED
2026-02-14 16:11:18,Probe,BLOCKED
2026-02-14 16:11:18,Probe,BLOCKED
2026-02-14 16:11:18,Probe,BLOCKED
2026-02-14 16:11:18,Probe,BLOCKED
2026-02-14 16:11:18,Probe,BLOCKED
2026-02-14 16:11:18,Probe,BLOCKED
2026-02-14 16:11:18,Probe,BLOCKED
2026-02-14 16:11:19,Probe,BLOCKED
2026-02-14 16:11:19,Probe,BLOCKED
2026-02-14 16:11:19,Probe,BLOCKED
2026-02-14 16:11:19,Probe,BLOCKED
2026-02-14 16:11:19,Probe,BLOCKED
2026-02-14 16:11:19,Probe,BLOCKED
2026-02-14 16:11:19,Probe,BLOCKED
2026-02-14 16:11:19,Probe,BLOCKED
2026-02-14 16:11:22,U2R,BLOCKED
2026-02-14 16:11:22,Probe,BLOCKED
2026-02-14 16:11:22,Probe,BLOCKED
2026-02-14 16:11:22,Probe,BLOCKED
2026-02-14 16:11:22,Probe,BLOCKED
2026-02-14 16:11:22,Probe,BLOCKED
2026-02-14 16:11:22,Probe,BLOCKED
2026-02-14 16:11:22,U2R,BLOCKED
2026-02-14 16:11:22,Probe,BLOCKED
2026-02-14 16:11:22,Probe,BLOCKED
2026-02-14 16:11:22,Probe,BLOCKED
2026-02-14 16:11:22,Probe,BLOCKED
2026-02-14 16:11:22,Probe,BLOCKED
2026-02-14 16:11:22,U2R,BLOCKED
2026-02-14 16:11:22,U2R,BLOCKED
2026-02-14 16:11:22,U2R,BLOCKED
2026-02-14 16:11:22,Probe,BLOCKED
2026-02-14 16:11:22,Probe,BLOCKED
2026-02-14 16:11:22,Probe,BLOCKED
2026-02-14 16:11:22,Probe,BLOCKED
2026-02-14 16:11:24,Probe,BLOCKED
2026-02-14 16:11:24,Probe,BLOCKED
2026-02-14 16:11:24,Probe,BLOCKED
2026-02-14 16:11:24,U2R,BLOCKED
2026-02-14 16:11:24,Probe,BLOCKED
2026-02-14 16:11:24,R2L,BLOCKED
2026-02-14 16:11:24,U2R,BLOCKED
2026-02-14 16:11:25,U2R,BLOCKED
2026-02-14 16:11:25,U2R,BLOCKED
2026-02-14 16:11:25,Probe,BLOCKED
2026-02-14 16:11:25,Probe,BLOCKED
2026-02-14 16:11:25,Probe,BLOCKED
2026-02-14 16:11:25,Probe,BLOCKED
2026-02-14 16:11:25,Probe,BLOCKED
2026-02-14 16:11:25,Probe,BLOCKED
2026-02-14 16:11:25,Probe,BLOCKED
2026-02-14 16:11:25,Probe,BLOCKED
2026-02-14 16:11:25,Probe,BLOCKED
2026-02-14 16:11:25,Probe,BLOCKED
2026-02-14 16:11:25,R2L,BLOCKED
2026-02-14 16:11:28,U2R,BLOCKED
2026-02-14 16:11:28,U2R,BLOCKED
2026-02-14 16:11:28,U2R,BLOCKED
2026-02-14 16:11:28,U2R,BLOCKED
2026-02-14 16:11:28,Probe,BLOCKED
2026-02-14 16:11:28,Probe,BLOCKED
2026-02-14 16:11:28,Probe,BLOCKED
2026-02-14 16:11:28,Probe,BLOCKED
2026-02-14 16:11:28,U2R,BLOCKED
2026-02-14 16:11:28,U2R,BLOCKED
2026-02-14 16:11:28,U2R,BLOCKED
2026-02-14 16:11:28,U2R,BLOCKED
2026-02-14 16:11:28,Probe,BLOCKED
2026-02-14 16:11:28,U2R,BLOCKED
2026-02-14 16:11:28,U2R,BLOCKED
2026-02-14 16:11:28,Probe,BLOCKED
2026-02-14 16:11:28,U2R,BLOCKED
2026-02-14 16:11:28,U2R,BLOCKED
2026-02-14 16:11:28,Probe,BLOCKED
2026-02-14 16:11:28,U2R,BLOCKED
2026-02-14 16:11:31,Probe,BLOCKED
2026-02-14 16:11:31,U2R,BLOCKED
2026-02-14 16:11:31,U2R,BLOCKED
2026-02-14 16:11:31,U2R,BLOCKED
2026-02-14 16:11:31,Probe,BLOCKED
2026-02-14 16:11:31,U2R,BLOCKED
2026-02-14 16:11:32,Probe,BLOCKED
2026-02-14 16:11:32,Probe,BLOCKED
2026-02-14 16:11:32,Probe,BLOCKED
2026-02-14 16:11:32,Probe,BLOCKED
2026-02-14 16:11:32,Probe,BLOCKED
2026-02-14 16:11:32,U2R,BLOCKED
2026-02-14 16:11:32,R2L,BLOCKED
2026-02-14 16:11:32,U2R,BLOCKED
2026-02-14 16:11:32,R2L,BLOCKED
2026-02-14 16:11:32,Probe,BLOCKED
2026-02-14 16:11:32,U2R,BLOCKED
2026-02-14 16:11:32,Probe,BLOCKED
2026-02-14 16:11:32,U2R,BLOCKED
2026-02-14 16:11:32,Probe,BLOCKED
2026-02-14 16:11:34,Probe,BLOCKED
2026-02-14 16:11:35,U2R,BLOCKED
2026-02-14 16:11:35,U2R,BLOCKED
2026-02-14 16:11:35,U2R,BLOCKED
2026-02-14 16:11:35,U2R,BLOCKED
2026-02-14 16:11:35,U2R,BLOCKED
2026-02-14 16:11:35,U2R,BLOCKED
2026-02-14 16:11:35,Probe,BLOCKED
2026-02-14 16:11:35,Probe,BLOCKED
2026-02-14 16:11:35,Probe,BLOCKED
2026-02-14 16:11:35,Probe,BLOCKED
2026-02-14 16:11:35,U2R,BLOCKED
2026-02-14 16:11:35,U2R,BLOCKED
2026-02-14 16:11:35,U2R,BLOCKED
2026-02-14 16:11:35,Probe,BLOCKED
2026-02-14 16:11:35,U2R,BLOCKED
2026-02-14 16:11:35,Probe,BLOCKED
2026-02-14 16:11:35,Probe,BLOCKED
2026-02-14 16:11:35,Probe,BLOCKED
2026-02-14 16:11:35,U2R,BLOCKED
2026-02-14 16:11:37,R2L,BLOCKED
2026-02-14 16:11:37,U2R,BLOCKED
2026-02-14 16:11:37,U2R,BLOCKED
2026-02-14 16:11:37,U2R,BLOCKED
2026-02-14 16:11:38,Probe,BLOCKED
2026-02-14 16:11:38,U2R,BLOCKED
2026-02-14 16:11:38,U2R,BLOCKED
2026-02-14 16:11:38,Probe,BLOCKED
2026-02-14 16:11:38,Probe,BLOCKED
2026-02-14 16:11:38,U2R,BLOCKED
2026-02-14 16:11:38,U2R,BLOCKED
2026-02-14 16:11:38,R2L,BLOCKED
2026-02-14 16:11:38,Probe,BLOCKED
2026-02-14 16:11:38,Probe,BLOCKED
2026-02-14 16:11:38,Probe,BLOCKED
2026-02-14 16:11:38,Probe,BLOCKED
2026-02-14 16:11:38,Probe,BLOCKED
2026-02-14 16:11:38,Probe,BLOCKED
2026-02-14 16:11:38,Probe,BLOCKED
2026-02-14 16:11:38,Probe,BLOCKED
2026-02-14 16:11:40,Probe,BLOCKED
2026-02-14 16:11:40,Probe,BLOCKED
2026-02-14 16:11:40,Probe,BLOCKED
2026-02-14 16:11:40,Probe,BLOCKED
2026-02-14 16:11:40,Probe,BLOCKED
2026-02-14 16:11:40,Probe,BLOCKED
2026-02-14 16:11:40,Probe,BLOCKED
2026-02-14 16:11:40,Probe,BLOCKED
2026-02-14 16:11:40,Probe,BLOCKED
2026-02-14 16:11:40,Probe,BLOCKED
2026-02-14 16:11:40,Probe,BLOCKED
2026-02-14 16:11:40,Probe,BLOCKED
2026-02-14 16:11:40,Probe,BLOCKED
2026-02-14 16:11:40,Probe,BLOCKED
2026-02-14 16:11:40,Probe,BLOCKED
2026-02-14 16:11:40,Probe,BLOCKED
2026-02-14 16:11:40,Probe,BLOCKED
2026-02-14 16:11:40,Probe,BLOCKED
2026-02-14 16:11:40,Probe,BLOCKED
2026-02-14 16:11:40,Probe,BLOCKED
2026-02-14 16:11:42,Probe,BLOCKED
2026-02-14 16:11:42,Probe,BLOCKED
2026-02-14 16:11:43,Probe,BLOCKED
2026-02-14 16:11:43,Probe,BLOCKED
2026-02-14 16:11:43,Probe,BLOCKED
2026-02-14 16:11:43,Probe,BLOCKED
2026-02-14 16:11:43,Probe,BLOCKED
2026-02-14 16:11:43,Probe,BLOCKED
2026-02-14 16:11:43,Probe,BLOCKED
2026-02-14 16:11:43,Probe,BLOCKED
2026-02-14 16:11:43,Probe,BLOCKED
2026-02-14 16:11:43,Probe,BLOCKED
2026-02-14 16:11:43,Probe,BLOCKED
2026-02-14 16:11:43,Probe,BLOCKED
2026-02-14 16:11:43,Probe,BLOCKED
2026-02-14 16:11:43,Probe,BLOCKED
2026-02-14 16:11:43,Probe,BLOCKED
2026-02-14 16:11:43,Probe,BLOCKED
2026-02-14 16:11:43,Probe,BLOCKED
2026-02-14 16:11:43,Probe,BLOCKED
2026-02-14 16:11:45,Probe,BLOCKED
2026-02-14 16:11:45,Probe,BLOCKED
2026-02-14 16:11:45,Probe,BLOCKED
2026-02-14 16:11:45,Probe,BLOCKED
2026-02-14 16:11:45,Probe,BLOCKED
2026-02-14 16:11:46,Probe,BLOCKED
2026-02-14 16:11:46,Probe,BLOCKED
2026-02-14 16:11:46,U2R,BLOCKED
2026-02-14 16:11:46,U2R,BLOCKED
2026-02-14 16:11:46,U2R,BLOCKED
2026-02-14 16:11:46,Probe,BLOCKED
2026-02-14 16:11:46,Probe,BLOCKED
2026-02-14 16:11:46,Probe,BLOCKED
2026-02-14 16:11:46,Probe,BLOCKED
2026-02-14 16:11:46,Probe,BLOCKED
2026-02-14 16:11:46,Probe,BLOCKED
2026-02-14 16:11:46,U2R,BLOCKED
2026-02-14 16:11:46,Probe,BLOCKED
2026-02-14 16:11:46,Probe,BLOCKED
2026-02-14 16:11:46,Probe,BLOCKED
2026-02-14 16:11:48,Probe,BLOCKED
2026-02-14 16:11:48,Probe,BLOCKED
2026-02-14 16:11:48,Probe,BLOCKED
2026-02-14 16:11:48,Probe,BLOCKED
2026-02-14 16:11:48,Probe,BLOCKED
2026-02-14 16:11:49,Probe,BLOCKED
2026-02-14 16:11:49,Probe,BLOCKED
2026-02-14 16:11:49,Probe,BLOCKED
2026-02-14 16:11:49,Probe,BLOCKED
2026-02-14 16:11:49,Probe,BLOCKED
2026-02-14 16:11:49,Probe,BLOCKED
2026-02-14 16:11:49,Probe,BLOCKED
2026-02-14 16:11:49,U2R,BLOCKED
2026-02-14 16:11:49,U2R,BLOCKED
2026-02-14 16:11:49,U2R,BLOCKED
2026-02-14 16:11:49,U2R,BLOCKED
2026-02-14 16:11:49,U2R,BLOCKED
2026-02-14 16:11:49,U2R,BLOCKED
2026-02-14 16:11:49,Probe,BLOCKED
2026-02-14 16:11:49,U2R,BLOCKED
2026-02-14 16:11:51,Probe,BLOCKED
2026-02-14 16:11:51,Probe,BLOCKED
2026-02-14 16:11:51,Probe,BLOCKED
2026-02-14 16:11:51,Probe,BLOCKED
2026-02-14 16:11:52,Probe,BLOCKED
2026-02-14 16:11:52,Probe,BLOCKED
2026-02-14 16:11:52,Probe,BLOCKED
2026-02-14 16:11:52,Probe,BLOCKED
2026-02-14 16:11:52,U2R,BLOCKED
2026-02-14 16:11:52,Probe,BLOCKED
2026-02-14 16:11:52,Probe,BLOCKED
2026-02-14 16:11:52,Probe,BLOCKED
2026-02-14 16:11:52,Probe,BLOCKED
2026-02-14 16:11:52,Probe,BLOCKED
2026-02-14 16:11:52,Probe,BLOCKED
2026-02-14 16:11:52,U2R,BLOCKED
2026-02-14 16:11:52,Probe,BLOCKED
2026-02-14 16:11:52,U2R,BLOCKED
2026-02-14 16:11:52,Probe,BLOCKED
2026-02-14 16:11:53,Probe,BLOCKED
2026-02-14 16:11:57,U2R,BLOCKED
2026-02-14 16:11:57,U2R,BLOCKED
2026-02-14 16:11:59,Probe,BLOCKED
2026-02-14 16:11:59,U2R,BLOCKED
2026-02-14 16:11:59,Probe,BLOCKED
2026-02-14 16:11:59,Probe,BLOCKED
2026-02-14 16:11:59,Probe,BLOCKED
2026-02-14 16:11:59,Probe,BLOCKED
2026-02-14 16:11:59,Probe,BLOCKED
2026-02-14 16:11:59,Probe,BLOCKED
2026-02-14 16:11:59,Probe,BLOCKED
2026-02-14 16:11:59,Probe,BLOCKED
2026-02-14 16:11:59,Probe,BLOCKED
2026-02-14 16:11:59,Probe,BLOCKED
2026-02-14 16:11:59,Probe,BLOCKED
2026-02-14 16:11:59,Probe,BLOCKED
2026-02-14 16:11:59,Probe,BLOCKED
2026-02-14 16:11:59,Probe,BLOCKED
2026-02-14 16:11:59,Probe,BLOCKED
2026-02-14 16:11:59,Probe,BLOCKED
2026-02-14 16:12:01,R2L,BLOCKED
2026-02-14 16:12:02,Probe,BLOCKED
2026-02-14 16:12:02,Probe,BLOCKED
2026-02-14 16:12:02,R2L,BLOCKED
2026-02-14 16:12:02,Probe,BLOCKED
2026-02-14 16:12:02,Probe,BLOCKED
2026-02-14 16:12:02,Probe,BLOCKED
2026-02-14 16:12:02,U2R,BLOCKED
2026-02-14 16:12:02,Probe,BLOCKED
2026-02-14 16:12:02,Probe,BLOCKED
2026-02-14 16:12:02,Probe,BLOCKED
2026-02-14 16:12:02,Probe,BLOCKED
2026-02-14 16:12:02,Probe,BLOCKED
2026-02-14 16:12:02,Probe,BLOCKED
2026-02-14 16:12:02,Probe,BLOCKED
2026-02-14 16:12:02,Probe,BLOCKED
2026-02-14 16:12:02,Probe,BLOCKED
2026-02-14 16:12:02,Probe,BLOCKED
2026-02-14 16:12:02,Probe,BLOCKED
2026-02-14 16:12:02,Probe,BLOCKED
2026-02-14 16:12:04,U2R,BLOCKED
2026-02-14 16:12:05,Probe,BLOCKED
2026-02-14 16:12:05,U2R,BLOCKED
2026-02-14 16:12:05,Probe,BLOCKED
2026-02-14 16:12:05,R2L,BLOCKED
2026-02-14 16:12:05,R2L,BLOCKED
2026-02-14 16:12:07,U2R,BLOCKED
2026-02-14 16:12:07,U2R,BLOCKED
2026-02-14 16:12:07,Probe,BLOCKED
2026-02-14 16:12:07,Probe,BLOCKED
2026-02-14 16:12:07,Probe,BLOCKED
2026-02-14 16:12:07,Probe,BLOCKED
2026-02-14 16:12:08,Probe,BLOCKED
2026-02-14 16:12:08,Probe,BLOCKED
2026-02-14 16:12:08,Probe,BLOCKED
2026-02-14 16:12:08,Probe,BLOCKED
2026-02-14 16:12:08,Probe,BLOCKED
2026-02-14 16:12:08,Probe,BLOCKED
2026-02-14 16:12:08,Probe,BLOCKED
2026-02-14 16:12:08,Probe,BLOCKED
2026-02-14 16:12:10,Probe,BLOCKED
2026-02-14 16:12:10,Probe,BLOCKED
2026-02-14 16:12:11,Probe,BLOCKED
2026-02-14 16:12:11,Probe,BLOCKED
2026-02-14 16:12:11,Probe,BLOCKED
2026-02-14 16:12:11,Probe,BLOCKED
2026-02-14 16:12:11,Probe,BLOCKED
2026-02-14 16:12:11,Probe,BLOCKED
2026-02-14 16:12:11,Probe,BLOCKED
2026-02-14 16:12:11,Probe,BLOCKED
2026-02-14 16:12:11,Probe,BLOCKED
2026-02-14 16:12:11,Probe,BLOCKED
2026-02-14 16:12:11,Probe,BLOCKED
2026-02-14 16:12:11,Probe,BLOCKED
2026-02-14 16:12:11,Probe,BLOCKED
2026-02-14 16:12:11,Probe,BLOCKED
2026-02-14 16:12:11,Probe,BLOCKED
2026-02-14 16:12:11,Probe,BLOCKED
2026-02-14 16:12:11,Probe,BLOCKED
2026-02-14 16:12:11,Probe,BLOCKED
2026-02-14 16:12:14,Probe,BLOCKED
2026-02-14 16:12:14,U2R,BLOCKED
2026-02-14 16:12:14,U2R,BLOCKED
2026-02-14 16:12:14,U2R,BLOCKED
2026-02-14 16:12:15,U2R,BLOCKED
2026-02-14 16:12:15,U2R,BLOCKED
2026-02-14 16:12:15,Probe,BLOCKED
2026-02-14 16:12:15,U2R,BLOCKED
2026-02-14 16:12:15,Probe,BLOCKED
2026-02-14 16:12:15,U2R,BLOCKED
2026-02-14 16:12:15,Probe,BLOCKED
2026-02-14 16:12:15,U2R,BLOCKED
2026-02-14 16:12:15,Probe,BLOCKED
2026-02-14 16:12:15,U2R,BLOCKED
2026-02-14 16:12:16,Probe,BLOCKED
2026-02-14 16:12:16,U2R,BLOCKED
2026-02-14 16:12:16,Probe,BLOCKED
2026-02-14 16:12:16,U2R,BLOCKED
2026-02-14 16:12:16,Probe,BLOCKED
2026-02-14 16:12:16,Probe,BLOCKED
2026-02-14 16:12:19,Probe,BLOCKED
2026-02-14 16:12:19,Probe,BLOCKED
2026-02-14 16:12:19,U2R,BLOCKED
2026-02-14 16:12:19,Probe,BLOCKED
2026-02-14 16:12:19,Probe,BLOCKED
2026-02-14 16:12:19,Probe,BLOCKED
2026-02-14 16:12:19,U2R,BLOCKED
2026-02-14 16:12:19,Probe,BLOCKED
2026-02-14 16:12:19,U2R,BLOCKED
2026-02-14 16:12:19,Probe,BLOCKED
2026-02-14 16:12:19,U2R,BLOCKED
2026-02-14 16:12:19,Probe,BLOCKED
2026-02-14 16:12:20,U2R,BLOCKED
2026-02-14 16:12:20,Probe,BLOCKED
2026-02-14 16:12:20,U2R,BLOCKED
2026-02-14 16:12:20,Probe,BLOCKED
2026-02-14 16:12:20,U2R,BLOCKED
2026-02-14 16:12:20,Probe,BLOCKED
2026-02-14 16:12:20,Probe,BLOCKED
2026-02-14 16:12:20,U2R,BLOCKED
2026-02-14 16:12:23,Probe,BLOCKED
2026-02-14 16:12:23,U2R,BLOCKED
2026-02-14 16:12:23,Probe,BLOCKED
2026-02-14 16:12:23,U2R,BLOCKED
2026-02-14 16:12:23,Probe,BLOCKED
2026-02-14 16:12:23,U2R,BLOCKED
2026-02-14 16:12:23,Probe,BLOCKED
2026-02-14 16:12:23,Probe,BLOCKED
2026-02-14 16:12:24,Probe,BLOCKED
2026-02-14 16:12:24,Probe,BLOCKED
2026-02-14 16:12:24,Probe,BLOCKED
2026-02-14 16:12:24,Probe,BLOCKED
2026-02-14 16:12:24,Probe,BLOCKED
2026-02-14 16:12:24,Probe,BLOCKED
2026-02-14 16:12:24,Probe,BLOCKED
2026-02-14 16:12:24,Probe,BLOCKED
2026-02-14 16:12:24,Probe,BLOCKED
2026-02-14 16:12:24,Probe,BLOCKED
2026-02-14 16:12:24,Probe,BLOCKED
2026-02-14 16:12:24,Probe,BLOCKED
2026-02-14 16:12:26,Probe,BLOCKED
2026-02-14 16:12:26,U2R,BLOCKED
2026-02-14 16:12:26,Probe,BLOCKED
2026-02-14 16:12:26,U2R,BLOCKED
2026-02-14 16:12:26,Probe,BLOCKED
2026-02-14 16:12:26,U2R,BLOCKED
2026-02-14 16:12:26,U2R,BLOCKED
2026-02-14 16:12:26,U2R,BLOCKED
2026-02-14 16:12:27,R2L,BLOCKED
2026-02-14 16:12:27,R2L,BLOCKED
2026-02-14 16:12:27,U2R,BLOCKED
2026-02-14 16:12:27,U2R,BLOCKED
2026-02-14 16:12:27,U2R,BLOCKED
2026-02-14 16:12:27,Probe,BLOCKED
2026-02-14 16:12:27,U2R,BLOCKED
2026-02-14 16:12:27,U2R,BLOCKED
2026-02-14 16:12:27,Probe,BLOCKED
2026-02-14 16:12:27,U2R,BLOCKED
2026-02-14 16:12:28,Probe,BLOCKED
2026-02-14 16:12:28,U2R,BLOCKED
2026-02-14 16:12:30,Probe,BLOCKED
2026-02-14 16:12:30,U2R,BLOCKED
2026-02-14 16:12:31,Probe,BLOCKED
2026-02-14 16:12:31,U2R,BLOCKED
2026-02-14 16:12:31,Probe,BLOCKED
2026-02-14 16:12:31,Probe,BLOCKED
2026-02-14 16:12:31,Probe,BLOCKED
2026-02-14 16:12:32,U2R,BLOCKED
2026-02-14 16:12:32,R2L,BLOCKED
2026-02-14 16:12:32,R2L,BLOCKED
2026-02-14 16:12:32,R2L,BLOCKED
2026-02-14 16:12:32,Probe,BLOCKED
2026-02-14 16:12:32,U2R,BLOCKED
2026-02-14 16:12:32,Probe,BLOCKED
2026-02-14 16:12:34,R2L,BLOCKED
2026-02-14 16:12:35,R2L,BLOCKED
2026-02-14 16:12:35,R2L,BLOCKED
2026-02-14 16:12:36,Probe,BLOCKED
2026-02-14 16:12:36,R2L,BLOCKED
2026-02-14 16:12:36,R2L,BLOCKED
2026-02-14 16:12:39,R2L,BLOCKED
2026-02-14 16:12:39,Probe,BLOCKED
2026-02-14 16:12:39,Probe,BLOCKED
2026-02-14 16:12:39,Probe,BLOCKED
2026-02-14 16:12:39,Probe,BLOCKED
2026-02-14 16:12:39,Probe,BLOCKED
2026-02-14 16:12:39,Probe,BLOCKED
2026-02-14 16:12:39,Probe,BLOCKED
2026-02-14 16:12:39,Probe,BLOCKED
2026-02-14 16:12:39,Probe,BLOCKED
2026-02-14 16:12:39,Probe,BLOCKED
2026-02-14 16:12:39,Probe,BLOCKED
2026-02-14 16:12:40,Probe,BLOCKED
2026-02-14 16:12:40,Probe,BLOCKED
2026-02-14 16:12:40,Probe,BLOCKED
2026-02-14 16:12:40,Probe,BLOCKED
2026-02-14 16:12:40,Probe,BLOCKED
2026-02-14 16:12:40,U2R,BLOCKED
2026-02-14 16:12:40,Probe,BLOCKED
2026-02-14 16:12:40,Probe,BLOCKED
2026-02-14 16:12:43,U2R,BLOCKED
2026-02-14 16:12:43,U2R,BLOCKED
2026-02-14 16:12:44,U2R,BLOCKED
2026-02-14 16:12:44,Probe,BLOCKED
2026-02-14 16:12:44,Probe,BLOCKED
2026-02-14 16:12:44,Probe,BLOCKED
2026-02-14 16:12:44,Probe,BLOCKED
2026-02-14 16:12:44,Probe,BLOCKED
2026-02-14 16:12:44,U2R,BLOCKED
2026-02-14 16:12:44,Probe,BLOCKED
2026-02-14 16:12:44,Probe,BLOCKED
2026-02-14 16:12:44,Probe,BLOCKED
2026-02-14 16:12:44,Probe,BLOCKED
2026-02-14 16:12:44,Probe,BLOCKED
2026-02-14 16:12:44,Probe,BLOCKED
2026-02-14 16:12:44,Probe,BLOCKED
2026-02-14 16:12:44,Probe,BLOCKED
2026-02-14 16:12:44,U2R,BLOCKED
2026-02-14 16:12:44,Probe,BLOCKED
2026-02-14 16:12:44,Probe,BLOCKED
2026-02-14 16:12:46,R2L,BLOCKED
2026-02-14 16:12:47,R2L,BLOCKED
2026-02-14 16:12:47,R2L,BLOCKED
2026-02-14 16:12:47,R2L,BLOCKED
2026-02-14 16:12:47,Probe,BLOCKED
2026-02-14 16:12:47,Probe,BLOCKED
2026-02-14 16:12:47,Probe,BLOCKED
2026-02-14 16:12:47,Probe,BLOCKED
2026-02-14 16:12:47,Probe,BLOCKED
2026-02-14 16:12:47,Probe,BLOCKED
2026-02-14 16:12:47,U2R,BLOCKED
2026-02-14 16:12:47,U2R,BLOCKED
2026-02-14 16:12:47,U2R,BLOCKED
2026-02-14 16:12:47,Probe,BLOCKED
2026-02-14 16:12:47,Probe,BLOCKED
2026-02-14 16:12:47,Probe,BLOCKED
2026-02-14 16:12:47,U2R,BLOCKED
2026-02-14 16:12:47,U2R,BLOCKED
2026-02-14 16:12:47,U2R,BLOCKED
2026-02-14 16:12:47,U2R,BLOCKED
2026-02-14 16:12:49,U2R,BLOCKED
2026-02-14 16:12:49,Probe,BLOCKED
2026-02-14 16:12:50,Probe,BLOCKED
2026-02-14 16:12:50,Probe,BLOCKED
2026-02-14 16:12:50,Probe,BLOCKED
2026-02-14 16:12:50,Probe,BLOCKED
2026-02-14 16:12:50,Probe,BLOCKED
2026-02-14 16:12:50,Probe,BLOCKED
2026-02-14 16:12:51,Probe,BLOCKED
2026-02-14 16:12:51,Probe,BLOCKED
2026-02-14 16:12:51,Probe,BLOCKED
2026-02-14 16:12:51,Probe,BLOCKED
2026-02-14 16:12:51,Probe,BLOCKED
2026-02-14 16:12:51,Probe,BLOCKED
2026-02-14 16:12:51,Probe,BLOCKED
2026-02-14 16:12:51,Probe,BLOCKED
2026-02-14 16:12:51,Probe,BLOCKED
2026-02-14 16:12:51,Probe,BLOCKED
2026-02-14 16:12:51,Probe,BLOCKED
2026-02-14 16:12:51,Probe,BLOCKED
2026-02-14 16:12:54,Probe,BLOCKED
2026-02-14 16:12:54,Probe,BLOCKED
2026-02-14 16:12:54,Probe,BLOCKED
2026-02-14 16:12:54,Probe,BLOCKED
2026-02-14 16:12:54,Probe,BLOCKED
2026-02-14 16:12:54,Probe,BLOCKED
2026-02-14 16:12:54,Probe,BLOCKED
2026-02-14 16:12:54,Probe,BLOCKED
2026-02-14 16:12:54,Probe,BLOCKED
2026-02-14 16:12:54,Probe,BLOCKED
2026-02-14 16:12:54,Probe,BLOCKED
2026-02-14 16:12:54,Probe,BLOCKED
2026-02-14 16:12:54,Probe,BLOCKED
2026-02-14 16:12:54,Probe,BLOCKED
2026-02-14 16:12:54,Probe,BLOCKED
2026-02-14 16:12:54,Probe,BLOCKED
2026-02-14 16:12:54,Probe,BLOCKED
2026-02-14 16:12:54,Probe,BLOCKED
2026-02-14 16:12:54,Probe,BLOCKED
2026-02-14 16:12:54,Probe,BLOCKED
2026-02-14 16:12:56,Probe,BLOCKED
2026-02-14 16:12:57,U2R,BLOCKED
2026-02-14 16:12:57,U2R,BLOCKED
2026-02-14 16:12:59,Probe,BLOCKED
2026-02-14 16:12:59,Probe,BLOCKED
2026-02-14 16:12:59,Probe,BLOCKED
2026-02-14 16:12:59,Probe,BLOCKED
2026-02-14 16:12:59,Probe,BLOCKED
2026-02-14 16:12:59,Probe,BLOCKED
2026-02-14 16:12:59,Probe,BLOCKED
2026-02-14 16:12:59,Probe,BLOCKED
2026-02-14 16:12:59,U2R,BLOCKED
2026-02-14 16:12:59,Probe,BLOCKED
2026-02-14 16:12:59,Probe,BLOCKED
2026-02-14 16:12:59,U2R,BLOCKED
2026-02-14 16:12:59,Probe,BLOCKED
2026-02-14 16:12:59,Probe,BLOCKED
2026-02-14 16:12:59,U2R,BLOCKED
2026-02-14 16:12:59,U2R,BLOCKED
2026-02-14 16:12:59,Probe,BLOCKED
2026-02-14 16:13:01,U2R,BLOCKED
2026-02-14 16:13:01,U2R,BLOCKED
2026-02-14 16:13:01,U2R,BLOCKED
2026-02-14 16:13:01,U2R,BLOCKED
2026-02-14 16:13:01,U2R,BLOCKED
2026-02-14 16:13:01,U2R,BLOCKED
2026-02-14 16:13:01,U2R,BLOCKED
2026-02-14 16:13:01,U2R,BLOCKED
2026-02-14 16:13:01,U2R,BLOCKED
2026-02-14 16:13:01,Probe,BLOCKED
2026-02-14 16:13:01,Probe,BLOCKED
2026-02-14 16:13:01,Probe,BLOCKED
2026-02-14 16:13:01,Probe,BLOCKED
2026-02-14 16:13:01,Probe,BLOCKED
2026-02-14 16:13:01,Probe,BLOCKED
2026-02-14 16:13:01,Probe,BLOCKED
2026-02-14 16:13:01,Probe,BLOCKED
2026-02-14 16:13:01,Probe,BLOCKED
2026-02-14 16:13:01,Probe,BLOCKED
2026-02-14 16:13:01,Probe,BLOCKED
2026-02-14 16:13:04,R2L,BLOCKED
2026-02-14 16:13:04,R2L,BLOCKED
2026-02-14 16:13:04,R2L,BLOCKED
2026-02-14 16:13:05,Probe,BLOCKED
2026-02-14 16:13:06,R2L,BLOCKED
2026-02-14 16:13:06,R2L,BLOCKED
2026-02-14 16:13:07,U2R,BLOCKED
2026-02-14 16:13:07,Probe,BLOCKED
2026-02-14 16:13:07,Probe,BLOCKED
2026-02-14 16:13:07,U2R,BLOCKED
2026-02-14 16:13:12,U2R,BLOCKED
2026-02-14 16:13:12,U2R,BLOCKED
2026-02-14 16:13:12,Probe,BLOCKED
2026-02-14 16:13:12,U2R,BLOCKED
2026-02-14 16:13:12,Probe,BLOCKED
2026-02-14 16:13:15,Probe,BLOCKED
2026-02-14 16:13:15,U2R,BLOCKED
2026-02-14 16:13:16,Probe,BLOCKED
2026-02-14 16:13:16,U2R,BLOCKED
2026-02-14 16:13:16,Probe,BLOCKED
2026-02-14 16:13:18,Probe,BLOCKED
2026-02-14 16:13:18,Probe,BLOCKED
2026-02-14 16:13:18,Probe,BLOCKED
2026-02-14 16:13:18,Probe,BLOCKED
2026-02-14 16:13:18,Probe,BLOCKED
2026-02-14 16:13:18,U2R,BLOCKED
2026-02-14 16:13:18,Probe,BLOCKED
2026-02-14 16:13:18,Probe,BLOCKED
2026-02-14 16:13:18,Probe,BLOCKED
2026-02-14 16:13:18,Probe,BLOCKED
2026-02-14 16:13:18,Probe,BLOCKED
2026-02-14 16:13:18,Probe,BLOCKED
2026-02-14 16:13:18,Probe,BLOCKED
2026-02-14 16:13:18,Probe,BLOCKED
2026-02-14 16:13:18,Probe,BLOCKED
2026-02-14 16:13:18,Probe,BLOCKED
2026-02-14 16:13:18,Probe,BLOCKED
2026-02-14 16:13:18,Probe,BLOCKED
2026-02-14 16:13:18,Probe,BLOCKED
2026-02-14 16:13:18,R2L,BLOCKED
2026-02-14 16:13:20,Probe,BLOCKED
2026-02-14 16:13:20,Probe,BLOCKED
2026-02-14 16:13:20,Probe,BLOCKED
2026-02-14 16:13:20,Probe,BLOCKED
2026-02-14 16:13:20,Probe,BLOCKED
2026-02-14 16:13:21,Probe,BLOCKED
2026-02-14 16:13:21,R2L,BLOCKED
2026-02-14 16:13:21,Probe,BLOCKED
2026-02-14 16:13:21,Probe,BLOCKED
2026-02-14 16:13:21,Probe,BLOCKED
2026-02-14 16:13:21,Probe,BLOCKED
2026-02-14 16:13:21,Probe,BLOCKED
2026-02-14 16:13:21,Probe,BLOCKED
2026-02-14 16:13:21,Probe,BLOCKED
2026-02-14 16:13:21,Probe,BLOCKED
2026-02-14 16:13:21,Probe,BLOCKED
2026-02-14 16:13:21,Probe,BLOCKED
2026-02-14 16:13:21,Probe,BLOCKED
2026-02-14 16:13:21,Probe,BLOCKED
2026-02-14 16:13:21,Probe,BLOCKED
2026-02-14 16:13:23,U2R,BLOCKED
2026-02-14 16:13:23,U2R,BLOCKED
2026-02-14 16:13:23,U2R,BLOCKED
2026-02-14 16:13:23,U2R,BLOCKED
2026-02-14 16:13:23,U2R,BLOCKED
2026-02-14 16:13:23,U2R,BLOCKED
2026-02-14 16:13:23,Probe,BLOCKED
2026-02-14 16:13:24,Probe,BLOCKED
2026-02-14 16:13:24,Probe,BLOCKED
2026-02-14 16:13:24,Probe,BLOCKED
2026-02-14 16:13:24,Probe,BLOCKED
2026-02-14 16:13:24,Probe,BLOCKED
2026-02-14 16:13:24,Probe,BLOCKED
2026-02-14 16:13:24,Probe,BLOCKED
2026-02-14 16:13:24,Probe,BLOCKED
2026-02-14 16:13:24,R2L,BLOCKED
2026-02-14 16:13:24,Probe,BLOCKED
2026-02-14 16:13:24,Probe,BLOCKED
2026-02-14 16:13:24,U2R,BLOCKED
2026-02-14 16:13:24,U2R,BLOCKED
2026-02-14 16:13:26,Probe,BLOCKED
2026-02-14 16:13:26,R2L,BLOCKED
2026-02-14 16:13:26,R2L,BLOCKED
2026-02-14 16:13:26,R2L,BLOCKED
2026-02-14 16:13:27,U2R,BLOCKED
2026-02-14 16:13:27,U2R,BLOCKED
2026-02-14 16:13:27,U2R,BLOCKED
2026-02-14 16:13:27,U2R,BLOCKED
2026-02-14 16:13:27,Probe,BLOCKED
2026-02-14 16:13:28,R2L,BLOCKED
2026-02-14 16:13:28,Probe,BLOCKED
2026-02-14 16:13:28,R2L,BLOCKED
2026-02-14 16:13:28,U2R,BLOCKED
2026-02-14 16:13:28,R2L,BLOCKED
2026-02-14 16:13:28,R2L,BLOCKED
2026-02-14 16:13:28,R2L,BLOCKED
2026-02-14 16:13:29,R2L,BLOCKED
2026-02-14 16:13:29,Probe,BLOCKED
2026-02-14 16:13:29,Probe,BLOCKED
2026-02-14 16:13:30,R2L,BLOCKED
2026-02-14 16:13:32,R2L,BLOCKED
2026-02-14 16:13:32,U2R,BLOCKED
2026-02-14 16:13:32,Probe,BLOCKED
2026-02-14 16:13:33,R2L,BLOCKED
2026-02-14 16:13:33,Probe,BLOCKED
2026-02-14 16:13:33,Probe,BLOCKED
2026-02-14 16:13:33,Probe,BLOCKED
2026-02-14 16:13:33,Probe,BLOCKED
2026-02-14 16:13:33,Probe,BLOCKED
2026-02-14 16:13:33,Probe,BLOCKED
2026-02-14 16:13:34,Probe,BLOCKED
2026-02-14 16:13:34,Probe,BLOCKED
2026-02-14 16:13:34,Probe,BLOCKED
2026-02-14 16:13:34,U2R,BLOCKED
2026-02-14 16:13:34,Probe,BLOCKED
2026-02-14 16:13:34,Probe,BLOCKED
2026-02-14 16:13:34,Probe,BLOCKED
2026-02-14 16:13:34,U2R,BLOCKED
2026-02-14 16:13:34,Probe,BLOCKED
2026-02-14 16:13:34,Probe,BLOCKED
2026-02-14 16:13:37,U2R,BLOCKED
2026-02-14 16:13:38,U2R,BLOCKED
2026-02-14 16:13:38,U2R,BLOCKED
2026-02-14 16:13:39,U2R,BLOCKED
2026-02-14 16:13:40,Probe,BLOCKED
2026-02-14 16:13:40,U2R,BLOCKED
2026-02-14 16:13:40,Probe,BLOCKED
2026-02-14 16:13:40,Probe,BLOCKED
2026-02-14 16:13:40,U2R,BLOCKED
2026-02-14 16:13:40,Probe,BLOCKED
2026-02-14 16:13:42,U2R,BLOCKED
2026-02-14 16:13:43,U2R,BLOCKED
2026-02-14 16:13:43,Probe,BLOCKED
2026-02-14 16:13:43,U2R,BLOCKED
2026-02-14 16:13:43,R2L,BLOCKED
2026-02-14 16:13:43,Probe,BLOCKED
2026-02-14 16:13:44,Probe,BLOCKED
2026-02-14 16:13:44,U2R,BLOCKED
2026-02-14 16:13:44,Probe,BLOCKED
2026-02-14 16:13:44,R2L,BLOCKED
2026-02-14 16:13:48,R2L,BLOCKED
2026-02-14 16:13:48,Probe,BLOCKED
2026-02-14 16:13:48,Probe,BLOCKED
2026-02-14 16:13:48,Probe,BLOCKED
2026-02-14 16:13:48,Probe,BLOCKED
2026-02-14 16:13:48,U2R,BLOCKED
2026-02-14 16:13:48,U2R,BLOCKED
2026-02-14 16:13:48,Probe,BLOCKED
2026-02-14 16:13:48,Probe,BLOCKED
2026-02-14 16:13:48,Probe,BLOCKED
2026-02-14 16:13:48,R2L,BLOCKED
2026-02-14 16:13:48,R2L,BLOCKED
2026-02-14 16:13:48,Probe,BLOCKED
2026-02-14 16:13:49,Probe,BLOCKED
2026-02-14 16:13:49,Probe,BLOCKED
2026-02-14 16:13:49,Probe,BLOCKED
2026-02-14 16:13:49,Probe,BLOCKED
2026-02-14 16:13:49,Probe,BLOCKED
2026-02-14 16:13:49,Probe,BLOCKED
2026-02-14 16:13:49,Probe,BLOCKED
2026-02-14 16:13:52,U2R,BLOCKED
2026-02-14 16:13:52,R2L,BLOCKED
2026-02-14 16:13:52,U2R,BLOCKED
2026-02-14 16:13:52,R2L,BLOCKED
2026-02-14 16:13:52,U2R,BLOCKED
2026-02-14 16:13:52,U2R,BLOCKED
2026-02-14 16:13:52,Probe,BLOCKED
2026-02-14 16:13:53,R2L,BLOCKED
2026-02-14 16:13:53,Probe,BLOCKED
2026-02-14 16:13:53,Probe,BLOCKED
2026-02-14 16:13:53,U2R,BLOCKED
2026-02-14 16:13:53,U2R,BLOCKED
2026-02-14 16:13:53,U2R,BLOCKED
2026-02-14 16:13:53,U2R,BLOCKED
2026-02-14 16:13:53,U2R,BLOCKED
2026-02-14 16:13:53,Probe,BLOCKED
2026-02-14 16:13:53,Probe,BLOCKED
2026-02-14 16:13:53,Probe,BLOCKED
2026-02-14 16:13:53,Probe,BLOCKED
2026-02-14 16:13:53,U2R,BLOCKED
2026-02-14 16:13:56,Probe,BLOCKED
2026-02-14 16:13:56,Probe,BLOCKED
2026-02-14 16:13:57,Probe,BLOCKED
2026-02-14 16:13:57,U2R,BLOCKED
2026-02-14 16:13:57,Probe,BLOCKED
2026-02-14 16:13:57,U2R,BLOCKED
2026-02-14 16:13:57,Probe,BLOCKED
2026-02-14 16:13:57,U2R,BLOCKED
2026-02-14 16:13:58,Probe,BLOCKED
2026-02-14 16:13:58,Probe,BLOCKED
2026-02-14 16:13:58,U2R,BLOCKED
2026-02-14 16:14:00,Probe,BLOCKED
2026-02-14 16:14:00,U2R,BLOCKED
2026-02-14 16:14:01,U2R,BLOCKED
2026-02-14 16:14:01,U2R,BLOCKED
2026-02-14 16:14:01,U2R,BLOCKED
2026-02-14 16:14:01,U2R,BLOCKED
2026-02-14 16:14:01,Probe,BLOCKED
2026-02-14 16:14:01,Probe,BLOCKED
2026-02-14 16:14:01,Probe,BLOCKED
2026-02-14 16:14:05,Probe,BLOCKED
2026-02-14 16:14:05,Probe,BLOCKED
2026-02-14 16:14:05,Probe,BLOCKED
2026-02-14 16:14:05,Probe,BLOCKED
2026-02-14 16:14:05,Probe,BLOCKED
2026-02-14 16:14:05,Probe,BLOCKED
2026-02-14 16:14:05,Probe,BLOCKED
2026-02-14 16:14:05,U2R,BLOCKED
2026-02-14 16:14:05,Probe,BLOCKED
2026-02-14 16:14:05,Probe,BLOCKED
2026-02-14 16:14:05,U2R,BLOCKED
2026-02-14 16:14:05,U2R,BLOCKED
2026-02-14 16:14:05,U2R,BLOCKED
2026-02-14 16:14:06,Probe,BLOCKED
2026-02-14 16:14:06,U2R,BLOCKED
2026-02-14 16:14:06,Probe,BLOCKED
2026-02-14 16:14:06,U2R,BLOCKED
2026-02-14 16:14:06,Probe,BLOCKED
2026-02-14 16:14:06,Probe,BLOCKED
2026-02-14 16:14:06,U2R,BLOCKED
2026-02-14 16:14:09,U2R,BLOCKED
2026-02-14 16:14:09,Probe,BLOCKED
2026-02-14 16:14:09,Probe,BLOCKED
2026-02-14 16:14:09,Probe,BLOCKED
2026-02-14 16:14:09,Probe,BLOCKED
2026-02-14 16:14:10,Probe,BLOCKED
2026-02-14 16:14:10,Probe,BLOCKED
2026-02-14 16:14:10,Probe,BLOCKED
2026-02-14 16:14:10,Probe,BLOCKED
2026-02-14 16:14:10,Probe,BLOCKED
2026-02-14 16:14:10,Probe,BLOCKED
2026-02-14 16:14:10,Probe,BLOCKED
2026-02-14 16:14:10,Probe,BLOCKED
2026-02-14 16:14:10,Probe,BLOCKED
2026-02-14 16:14:10,Probe,BLOCKED
2026-02-14 16:14:10,Probe,BLOCKED
2026-02-14 16:14:10,U2R,BLOCKED
2026-02-14 16:14:10,Probe,BLOCKED
2026-02-14 16:14:10,Probe,BLOCKED
2026-02-14 16:14:10,Probe,BLOCKED
2026-02-14 16:14:13,R2L,BLOCKED
2026-02-14 16:14:13,R2L,BLOCKED
2026-02-14 16:14:13,R2L,BLOCKED
2026-02-14 16:14:17,R2L,BLOCKED
2026-02-14 16:14:17,R2L,BLOCKED
2026-02-14 16:14:17,U2R,BLOCKED
2026-02-14 16:14:18,U2R,BLOCKED
2026-02-14 16:14:19,Probe,BLOCKED
2026-02-14 16:14:19,Probe,BLOCKED
2026-02-14 16:14:20,Probe,BLOCKED
2026-02-14 16:14:20,Probe,BLOCKED
2026-02-14 16:14:20,Probe,BLOCKED
2026-02-14 16:14:21,Probe,BLOCKED
2026-02-14 16:14:21,Probe,BLOCKED
2026-02-14 16:14:21,Probe,BLOCKED
2026-02-14 16:14:21,Probe,BLOCKED
2026-02-14 16:14:21,Probe,BLOCKED
2026-02-14 16:14:21,Probe,BLOCKED
2026-02-14 16:14:21,Probe,BLOCKED
2026-02-14 16:14:21,Probe,BLOCKED
2026-02-14 16:14:23,Probe,BLOCKED
2026-02-14 16:14:24,U2R,BLOCKED
2026-02-14 16:14:24,Probe,BLOCKED
2026-02-14 16:14:24,U2R,BLOCKED
2026-02-14 16:14:24,Probe,BLOCKED
2026-02-14 16:14:24,U2R,BLOCKED
2026-02-14 16:14:24,Probe,BLOCKED
2026-02-14 16:14:24,Probe,BLOCKED
2026-02-14 16:14:24,Probe,BLOCKED
2026-02-14 16:14:24,Probe,BLOCKED
2026-02-14 16:14:24,Probe,BLOCKED
2026-02-14 16:14:24,U2R,BLOCKED
2026-02-14 16:14:24,Probe,BLOCKED
2026-02-14 16:14:24,Probe,BLOCKED
2026-02-14 16:14:26,Probe,BLOCKED
2026-02-14 16:14:28,Probe,BLOCKED
2026-02-14 16:14:28,Probe,BLOCKED
2026-02-14 16:14:28,U2R,BLOCKED
2026-02-14 16:14:28,R2L,BLOCKED
2026-02-14 16:14:28,R2L,BLOCKED
2026-02-14 16:14:30,Probe,BLOCKED
2026-02-14 16:14:30,U2R,BLOCKED
2026-02-14 16:14:30,U2R,BLOCKED
2026-02-14 16:14:30,U2R,BLOCKED
2026-02-14 16:14:30,Probe,BLOCKED
2026-02-14 16:14:31,Probe,BLOCKED
2026-02-14 16:14:31,U2R,BLOCKED
2026-02-14 16:14:31,Probe,BLOCKED
2026-02-14 16:14:31,Probe,BLOCKED
2026-02-14 16:14:31,Probe,BLOCKED
2026-02-14 16:14:31,Probe,BLOCKED
2026-02-14 16:14:31,Probe,BLOCKED
2026-02-14 16:14:31,U2R,BLOCKED
2026-02-14 16:14:31,Probe,BLOCKED
2026-02-14 16:14:31,Probe,BLOCKED
2026-02-14 16:14:31,Probe,BLOCKED
2026-02-14 16:14:31,Probe,BLOCKED
2026-02-14 16:14:31,Probe,BLOCKED
2026-02-14 16:14:31,Probe,BLOCKED
2026-02-14 16:14:31,Probe,BLOCKED
2026-02-14 16:14:37,U2R,BLOCKED
2026-02-14 16:14:42,R2L,BLOCKED
2026-02-14 16:14:42,R2L,BLOCKED
2026-02-14 16:14:42,U2R,BLOCKED
2026-02-14 16:14:43,R2L,BLOCKED
2026-02-14 16:14:47,U2R,BLOCKED
2026-02-14 16:14:48,R2L,BLOCKED
2026-02-14 16:14:48,R2L,BLOCKED
2026-02-14 16:14:48,U2R,BLOCKED
2026-02-14 16:14:52,U2R,BLOCKED
2026-02-14 16:14:52,U2R,BLOCKED
2026-02-14 16:14:53,Probe,BLOCKED
2026-02-14 16:14:53,Probe,BLOCKED
2026-02-14 16:14:53,U2R,BLOCKED
2026-02-14 16:14:54,U2R,BLOCKED
2026-02-14 16:14:54,Probe,BLOCKED
2026-02-14 16:14:54,U2R,BLOCKED
2026-02-14 16:14:54,Probe,BLOCKED
2026-02-14 16:14:54,Probe,BLOCKED
2026-02-14 16:14:54,Probe,BLOCKED
2026-02-14 16:14:57,Probe,BLOCKED
2026-02-14 16:14:57,U2R,BLOCKED
2026-02-14 16:14:58,U2R,BLOCKED
2026-02-14 16:14:58,Probe,BLOCKED
2026-02-14 16:14:58,Probe,BLOCKED
2026-02-14 16:14:58,Probe,BLOCKED
2026-02-14 16:14:58,Probe,BLOCKED
2026-02-14 16:14:58,R2L,BLOCKED
2026-02-14 16:14:59,Probe,BLOCKED
2026-02-14 16:14:59,Probe,BLOCKED
2026-02-14 16:14:59,Probe,BLOCKED
2026-02-14 16:14:59,Probe,BLOCKED
2026-02-14 16:14:59,Probe,BLOCKED
2026-02-14 16:15:00,R2L,BLOCKED
2026-02-14 16:15:00,Probe,BLOCKED
2026-02-14 16:15:00,R2L,BLOCKED
2026-02-14 16:15:00,R2L,BLOCKED
2026-02-14 16:15:01,Probe,BLOCKED
2026-02-14 16:15:01,Probe,BLOCKED
2026-02-14 16:15:01,R2L,BLOCKED
2026-02-14 16:15:03,Probe,BLOCKED
2026-02-14 16:15:03,Probe,BLOCKED
2026-02-14 16:15:03,Probe,BLOCKED
2026-02-14 16:15:03,Probe,BLOCKED
2026-02-14 16:15:03,Probe,BLOCKED
2026-02-14 16:15:04,R2L,BLOCKED
2026-02-14 16:15:04,Probe,BLOCKED
2026-02-14 16:15:04,U2R,BLOCKED
2026-02-14 16:15:04,U2R,BLOCKED
2026-02-14 16:15:05,U2R,BLOCKED
2026-02-14 16:15:05,Probe,BLOCKED
2026-02-14 16:15:05,R2L,BLOCKED
2026-02-14 16:15:05,Probe,BLOCKED
2026-02-14 16:15:05,Probe,BLOCKED
2026-02-14 16:15:05,Probe,BLOCKED
2026-02-14 16:15:05,Probe,BLOCKED
2026-02-14 16:15:05,Probe,BLOCKED
2026-02-14 16:15:05,Probe,BLOCKED
2026-02-14 16:15:05,U2R,BLOCKED
2026-02-14 16:15:05,R2L,BLOCKED
2026-02-14 16:15:09,U2R,BLOCKED
2026-02-14 16:15:10,Probe,BLOCKED
2026-02-14 16:15:11,R2L,BLOCKED
2026-02-14 16:15:11,U2R,BLOCKED
2026-02-14 16:15:11,Probe,BLOCKED
2026-02-14 16:15:12,R2L,BLOCKED
2026-02-14 16:15:12,U2R,BLOCKED
2026-02-14 16:15:13,R2L,BLOCKED
2026-02-14 16:15:13,U2R,BLOCKED
2026-02-14 16:15:13,Probe,BLOCKED
2026-02-14 16:15:14,Probe,BLOCKED
2026-02-14 16:15:14,Probe,BLOCKED
2026-02-14 16:15:14,Probe,BLOCKED
2026-02-14 16:15:14,U2R,BLOCKED
2026-02-14 16:15:14,Probe,BLOCKED
2026-02-14 16:15:14,Probe,BLOCKED
2026-02-14 16:15:14,Probe,BLOCKED
2026-02-14 16:15:17,U2R,BLOCKED
2026-02-14 16:15:18,Probe,BLOCKED
2026-02-14 16:15:19,Probe,BLOCKED
2026-02-14 16:15:22,U2R,BLOCKED
2026-02-14 16:15:22,R2L,BLOCKED
2026-02-14 16:15:23,U2R,BLOCKED
2026-02-14 16:15:23,R2L,BLOCKED
2026-02-14 16:15:23,R2L,BLOCKED
2026-02-14 16:15:24,U2R,BLOCKED
2026-02-14 16:15:24,U2R,BLOCKED
2026-02-14 16:15:24,U2R,BLOCKED
2026-02-14 16:15:25,Probe,BLOCKED
2026-02-14 16:15:25,Probe,BLOCKED
2026-02-14 16:15:25,Probe,BLOCKED
2026-02-14 16:15:25,Probe,BLOCKED
2026-02-14 16:15:25,Probe,BLOCKED
2026-02-14 16:15:25,Probe,BLOCKED
2026-02-14 16:15:25,Probe,BLOCKED
2026-02-14 16:15:25,Probe,BLOCKED
2026-02-14 16:15:25,Probe,BLOCKED
2026-02-14 16:15:25,Probe,BLOCKED
2026-02-14 16:15:25,Probe,BLOCKED
2026-02-14 16:15:25,U2R,BLOCKED
2026-02-14 16:15:29,R2L,BLOCKED
2026-02-14 16:15:29,R2L,BLOCKED
2026-02-14 16:15:29,Probe,BLOCKED
2026-02-14 16:15:29,Probe,BLOCKED
2026-02-14 16:15:29,Probe,BLOCKED
2026-02-14 16:15:29,Probe,BLOCKED
2026-02-14 16:15:29,Probe,BLOCKED
2026-02-14 16:15:29,Probe,BLOCKED
2026-02-14 16:15:29,Probe,BLOCKED
2026-02-14 16:15:30,Probe,BLOCKED
2026-02-14 16:15:30,Probe,BLOCKED
2026-02-14 16:15:30,Probe,BLOCKED
2026-02-14 16:15:30,Probe,BLOCKED
2026-02-14 16:15:32,U2R,BLOCKED
2026-02-14 16:15:32,U2R,BLOCKED
2026-02-14 16:15:32,Probe,BLOCKED
2026-02-14 16:15:32,Probe,BLOCKED
2026-02-14 16:15:32,Probe,BLOCKED
2026-02-14 16:15:32,Probe,BLOCKED
2026-02-14 16:15:32,U2R,BLOCKED
2026-02-14 16:15:36,R2L,BLOCKED
2026-02-14 16:15:37,U2R,BLOCKED
2026-02-14 16:15:37,R2L,BLOCKED
2026-02-14 16:15:38,Probe,BLOCKED
2026-02-14 16:15:38,Probe,BLOCKED
2026-02-14 16:15:38,Probe,BLOCKED
2026-02-14 16:15:38,Probe,BLOCKED
2026-02-14 16:15:38,Probe,BLOCKED
2026-02-14 16:15:38,Probe,BLOCKED
2026-02-14 16:15:38,Probe,BLOCKED
2026-02-14 16:15:38,Probe,BLOCKED
2026-02-14 16:15:38,U2R,BLOCKED
2026-02-14 16:15:38,Probe,BLOCKED
2026-02-14 16:15:38,Probe,BLOCKED
2026-02-14 16:15:38,Probe,BLOCKED
2026-02-14 16:15:38,Probe,BLOCKED
2026-02-14 16:15:38,Probe,BLOCKED
2026-02-14 16:15:38,Probe,BLOCKED
2026-02-14 16:15:38,Probe,BLOCKED
2026-02-14 16:15:38,R2L,BLOCKED
2026-02-14 16:15:41,U2R,BLOCKED
2026-02-14 16:15:42,Probe,BLOCKED
2026-02-14 16:15:42,U2R,BLOCKED
2026-02-14 16:15:42,Probe,BLOCKED
2026-02-14 16:15:42,R2L,BLOCKED
2026-02-14 16:15:42,U2R,BLOCKED
2026-02-14 16:15:43,U2R,BLOCKED
2026-02-14 16:15:43,Probe,BLOCKED
2026-02-14 16:15:43,Probe,BLOCKED
2026-02-14 16:15:43,Probe,BLOCKED
2026-02-14 16:15:43,Probe,BLOCKED
2026-02-14 16:15:43,Probe,BLOCKED
2026-02-14 16:15:43,Probe,BLOCKED
2026-02-14 16:15:43,Probe,BLOCKED
2026-02-14 16:15:43,Probe,BLOCKED
2026-02-14 16:15:43,R2L,BLOCKED
2026-02-14 16:15:43,Probe,BLOCKED
2026-02-14 16:15:43,Probe,BLOCKED
2026-02-14 16:15:43,Probe,BLOCKED
2026-02-14 16:15:43,Probe,BLOCKED
2026-02-14 16:15:46,U2R,BLOCKED
2026-02-14 16:15:46,U2R,BLOCKED
2026-02-14 16:15:46,U2R,BLOCKED
2026-02-14 16:15:46,Probe,BLOCKED
2026-02-14 16:15:46,Probe,BLOCKED
2026-02-14 16:15:46,Probe,BLOCKED
2026-02-14 16:15:46,Probe,BLOCKED
2026-02-14 16:15:46,Probe,BLOCKED
2026-02-14 16:15:46,Probe,BLOCKED
2026-02-14 16:15:46,U2R,BLOCKED
2026-02-14 16:15:46,Probe,BLOCKED
2026-02-14 16:15:46,Probe,BLOCKED
2026-02-14 16:15:46,Probe,BLOCKED
2026-02-14 16:15:46,Probe,BLOCKED
2026-02-14 16:15:46,Probe,BLOCKED
2026-02-14 16:15:46,U2R,BLOCKED
2026-02-14 16:15:46,Probe,BLOCKED
2026-02-14 16:15:46,Probe,BLOCKED
2026-02-14 16:15:46,Probe,BLOCKED
2026-02-14 16:15:46,Probe,BLOCKED
2026-02-14 16:15:49,Probe,BLOCKED
2026-02-14 16:15:49,Probe,BLOCKED
2026-02-14 16:15:49,Probe,BLOCKED
2026-02-14 16:15:49,Probe,BLOCKED
2026-02-14 16:15:49,Probe,BLOCKED
2026-02-14 16:15:49,U2R,BLOCKED
2026-02-14 16:15:50,Probe,BLOCKED
2026-02-14 16:15:50,Probe,BLOCKED
2026-02-14 16:15:52,Probe,BLOCKED
2026-02-14 16:15:52,Probe,BLOCKED
2026-02-14 16:15:52,Probe,BLOCKED
2026-02-14 16:15:52,Probe,BLOCKED
2026-02-14 16:15:52,Probe,BLOCKED
2026-02-14 16:15:52,Probe,BLOCKED
2026-02-14 16:15:52,Probe,BLOCKED
2026-02-14 16:15:52,Probe,BLOCKED
2026-02-14 16:15:52,Probe,BLOCKED
2026-02-14 16:15:52,Probe,BLOCKED
2026-02-14 16:15:52,Probe,BLOCKED
2026-02-14 16:15:52,Probe,BLOCKED
2026-02-14 16:15:56,Probe,BLOCKED
2026-02-14 16:15:56,Probe,BLOCKED
2026-02-14 16:15:56,Probe,BLOCKED
2026-02-14 16:15:56,Probe,BLOCKED
2026-02-14 16:15:56,Probe,BLOCKED
2026-02-14 16:15:56,Probe,BLOCKED
2026-02-14 16:15:56,U2R,BLOCKED
2026-02-14 16:15:56,U2R,BLOCKED
2026-02-14 16:15:56,U2R,BLOCKED
2026-02-14 16:15:56,U2R,BLOCKED
2026-02-14 16:15:56,U2R,BLOCKED
2026-02-14 16:15:56,U2R,BLOCKED
2026-02-14 16:15:56,Probe,BLOCKED
2026-02-14 16:15:56,Probe,BLOCKED
2026-02-14 16:15:57,Probe,BLOCKED
2026-02-14 16:15:57,Probe,BLOCKED
2026-02-14 16:15:57,Probe,BLOCKED
2026-02-14 16:15:57,Probe,BLOCKED
2026-02-14 16:15:57,Probe,BLOCKED
2026-02-14 16:15:57,Probe,BLOCKED
2026-02-14 16:15:59,Probe,BLOCKED
2026-02-14 16:15:59,Probe,BLOCKED
2026-02-14 16:15:59,U2R,BLOCKED
2026-02-14 16:15:59,U2R,BLOCKED
2026-02-14 16:15:59,R2L,BLOCKED
2026-02-14 16:15:59,R2L,BLOCKED
2026-02-14 16:15:59,Probe,BLOCKED
2026-02-14 16:15:59,U2R,BLOCKED
2026-02-14 16:16:00,Probe,BLOCKED
2026-02-14 16:16:00,U2R,BLOCKED
2026-02-14 16:16:00,U2R,BLOCKED
2026-02-14 16:16:00,U2R,BLOCKED
2026-02-14 16:16:00,U2R,BLOCKED
2026-02-14 16:16:00,U2R,BLOCKED
2026-02-14 16:16:00,Probe,BLOCKED
2026-02-14 16:16:00,U2R,BLOCKED
2026-02-14 16:16:00,Probe,BLOCKED
2026-02-14 16:16:00,Probe,BLOCKED
2026-02-14 16:16:00,Probe,BLOCKED
2026-02-14 16:16:00,Probe,BLOCKED
2026-02-14 16:16:03,U2R,BLOCKED
2026-02-14 16:16:03,U2R,BLOCKED
2026-02-14 16:16:03,Probe,BLOCKED
2026-02-14 16:16:03,U2R,BLOCKED
2026-02-14 16:16:03,Probe,BLOCKED
2026-02-14 16:16:03,U2R,BLOCKED
2026-02-14 16:16:04,Probe,BLOCKED
2026-02-14 16:16:04,Probe,BLOCKED
2026-02-14 16:16:04,U2R,BLOCKED
2026-02-14 16:16:04,U2R,BLOCKED
2026-02-14 16:16:04,U2R,BLOCKED
2026-02-14 16:16:04,Probe,BLOCKED
2026-02-14 16:16:04,U2R,BLOCKED
2026-02-14 16:16:04,Probe,BLOCKED
2026-02-14 16:16:04,U2R,BLOCKED
2026-02-14 16:16:05,Probe,BLOCKED
2026-02-14 16:16:05,U2R,BLOCKED
2026-02-14 16:16:05,Probe,BLOCKED
2026-02-14 16:16:05,U2R,BLOCKED
2026-02-14 16:16:05,Probe,BLOCKED
2026-02-14 16:16:07,Probe,BLOCKED
2026-02-14 16:16:07,U2R,BLOCKED
2026-02-14 16:16:07,U2R,BLOCKED
2026-02-14 16:16:07,Probe,BLOCKED
2026-02-14 16:16:07,U2R,BLOCKED
2026-02-14 16:16:08,U2R,BLOCKED
2026-02-14 16:16:08,U2R,BLOCKED
2026-02-14 16:16:08,U2R,BLOCKED
2026-02-14 16:16:08,U2R,BLOCKED
2026-02-14 16:16:08,U2R,BLOCKED
2026-02-14 16:16:08,Probe,BLOCKED
2026-02-14 16:16:08,U2R,BLOCKED
2026-02-14 16:16:08,Probe,BLOCKED
2026-02-14 16:16:08,U2R,BLOCKED
2026-02-14 16:16:08,Probe,BLOCKED
2026-02-14 16:16:08,U2R,BLOCKED
2026-02-14 16:16:08,U2R,BLOCKED
2026-02-14 16:16:09,Probe,BLOCKED
2026-02-14 16:16:09,U2R,BLOCKED
2026-02-14 16:16:09,Probe,BLOCKED
2026-02-14 16:16:11,Probe,BLOCKED
2026-02-14 16:16:11,U2R,BLOCKED
2026-02-14 16:16:11,Probe,BLOCKED
2026-02-14 16:16:11,R2L,BLOCKED
2026-02-14 16:16:11,R2L,BLOCKED
2026-02-14 16:16:11,U2R,BLOCKED
2026-02-14 16:16:11,Probe,BLOCKED
2026-02-14 16:16:11,U2R,BLOCKED
2026-02-14 16:16:11,Probe,BLOCKED
2026-02-14 16:16:11,U2R,BLOCKED
2026-02-14 16:16:12,Probe,BLOCKED
2026-02-14 16:16:12,U2R,BLOCKED
2026-02-14 16:16:12,Probe,BLOCKED
2026-02-14 16:16:12,U2R,BLOCKED
2026-02-14 16:16:12,Probe,BLOCKED
2026-02-14 16:16:12,U2R,BLOCKED
2026-02-14 16:16:12,Probe,BLOCKED
2026-02-14 16:16:12,U2R,BLOCKED
2026-02-14 16:16:12,Probe,BLOCKED
2026-02-14 16:16:12,Probe,BLOCKED
2026-02-14 16:16:14,Probe,BLOCKED
2026-02-14 16:16:14,Probe,BLOCKED
2026-02-14 16:16:14,U2R,BLOCKED
2026-02-14 16:16:14,U2R,BLOCKED
2026-02-14 16:16:14,Probe,BLOCKED
2026-02-14 16:16:16,R2L,BLOCKED
2026-02-14 16:16:16,R2L,BLOCKED
2026-02-14 16:16:16,Probe,BLOCKED
2026-02-14 16:16:16,U2R,BLOCKED
2026-02-14 16:16:16,Probe,BLOCKED
2026-02-14 16:16:16,U2R,BLOCKED
2026-02-14 16:16:16,Probe,BLOCKED
2026-02-14 16:16:16,U2R,BLOCKED
2026-02-14 16:16:16,U2R,BLOCKED
2026-02-14 16:16:16,Probe,BLOCKED
2026-02-14 16:16:16,U2R,BLOCKED
2026-02-14 16:16:16,Probe,BLOCKED
2026-02-14 16:16:17,R2L,BLOCKED
2026-02-14 16:16:17,R2L,BLOCKED
2026-02-14 16:16:17,U2R,BLOCKED
2026-02-14 16:16:20,Probe,BLOCKED
2026-02-14 16:16:20,U2R,BLOCKED
2026-02-14 16:16:20,Probe,BLOCKED
2026-02-14 16:16:20,U2R,BLOCKED
2026-02-14 16:16:22,U2R,BLOCKED
2026-02-14 16:16:26,R2L,BLOCKED
2026-02-14 16:16:27,R2L,BLOCKED
2026-02-14 16:16:27,U2R,BLOCKED
2026-02-14 16:16:28,R2L,BLOCKED
2026-02-14 16:16:32,Probe,BLOCKED
2026-02-14 16:16:32,U2R,BLOCKED
2026-02-14 16:16:32,Probe,BLOCKED
2026-02-14 16:16:32,U2R,BLOCKED
2026-02-14 16:16:33,U2R,BLOCKED
2026-02-14 16:16:35,Probe,BLOCKED
2026-02-14 16:16:35,Probe,BLOCKED
2026-02-14 16:16:35,U2R,BLOCKED
2026-02-14 16:16:36,Probe,BLOCKED
2026-02-14 16:16:36,U2R,BLOCKED
2026-02-14 16:16:36,Probe,BLOCKED
2026-02-14 16:16:38,R2L,BLOCKED
2026-02-14 16:16:38,R2L,BLOCKED
2026-02-14 16:16:38,Probe,BLOCKED
2026-02-14 16:16:38,Probe,BLOCKED
2026-02-14 16:16:38,U2R,BLOCKED
2026-02-14 16:16:39,Probe,BLOCKED
2026-02-14 16:16:39,Probe,BLOCKED
2026-02-14 16:16:39,Probe,BLOCKED
2026-02-14 16:16:39,Probe,BLOCKED
2026-02-14 16:16:39,Probe,BLOCKED
2026-02-14 16:16:39,Probe,BLOCKED
2026-02-14 16:16:39,Probe,BLOCKED
2026-02-14 16:16:39,Probe,BLOCKED
2026-02-14 16:16:39,Probe,BLOCKED
2026-02-14 16:16:40,U2R,BLOCKED
2026-02-14 16:16:40,U2R,BLOCKED
2026-02-14 16:16:40,U2R,BLOCKED
2026-02-14 16:16:40,Probe,BLOCKED
2026-02-14 16:16:40,Probe,BLOCKED
2026-02-14 16:16:40,Probe,BLOCKED
2026-02-14 16:16:42,R2L,BLOCKED
2026-02-14 16:16:42,R2L,BLOCKED
2026-02-14 16:16:42,U2R,BLOCKED
2026-02-14 16:16:43,U2R,BLOCKED
2026-02-14 16:16:45,Probe,BLOCKED
2026-02-14 16:16:45,Probe,BLOCKED
2026-02-14 16:16:45,Probe,BLOCKED
2026-02-14 16:16:45,Probe,BLOCKED
2026-02-14 16:16:45,Probe,BLOCKED
2026-02-14 16:16:45,Probe,BLOCKED
2026-02-14 16:16:45,Probe,BLOCKED
2026-02-14 16:16:45,Probe,BLOCKED
2026-02-14 16:16:45,Probe,BLOCKED
2026-02-14 16:16:45,Probe,BLOCKED
2026-02-14 16:16:45,Probe,BLOCKED
2026-02-14 16:16:45,Probe,BLOCKED
2026-02-14 16:16:45,Probe,BLOCKED
2026-02-14 16:16:45,Probe,BLOCKED
2026-02-14 16:16:45,Probe,BLOCKED
2026-02-14 16:16:45,Probe,BLOCKED
2026-02-14 16:16:48,U2R,BLOCKED
2026-02-14 16:16:48,Probe,BLOCKED
2026-02-14 16:16:48,Probe,BLOCKED
2026-02-14 16:16:48,U2R,BLOCKED
2026-02-14 16:16:49,U2R,BLOCKED
2026-02-14 16:16:49,Probe,BLOCKED
2026-02-14 16:16:49,Probe,BLOCKED
2026-02-14 16:16:49,Probe,BLOCKED
2026-02-14 16:16:49,Probe,BLOCKED
2026-02-14 16:16:49,Probe,BLOCKED
2026-02-14 16:16:49,U2R,BLOCKED
2026-02-14 16:16:49,Probe,BLOCKED
2026-02-14 16:16:49,Probe,BLOCKED
2026-02-14 16:16:49,Probe,BLOCKED
2026-02-14 16:16:49,Probe,BLOCKED
2026-02-14 16:16:49,Probe,BLOCKED
2026-02-14 16:16:49,Probe,BLOCKED
2026-02-14 16:16:49,Probe,BLOCKED
2026-02-14 16:16:49,Probe,BLOCKED
2026-02-14 16:16:49,Probe,BLOCKED
2026-02-14 16:16:52,Probe,BLOCKED
2026-02-14 16:16:52,U2R,BLOCKED
2026-02-14 16:16:52,Probe,BLOCKED
2026-02-14 16:16:52,U2R,BLOCKED
2026-02-14 16:16:53,Probe,BLOCKED
2026-02-14 16:16:55,R2L,BLOCKED
2026-02-14 16:16:55,R2L,BLOCKED
2026-02-14 16:16:55,U2R,BLOCKED
2026-02-14 16:16:56,Probe,BLOCKED
2026-02-14 16:16:56,U2R,BLOCKED
2026-02-14 16:16:56,Probe,BLOCKED
2026-02-14 16:16:57,U2R,BLOCKED
2026-02-14 16:16:57,Probe,BLOCKED
2026-02-14 16:16:57,U2R,BLOCKED
2026-02-14 16:16:57,U2R,BLOCKED
2026-02-14 16:16:57,Probe,BLOCKED
2026-02-14 16:16:57,Probe,BLOCKED
2026-02-14 16:16:57,Probe,BLOCKED
2026-02-14 16:16:57,Probe,BLOCKED
2026-02-14 16:16:57,Probe,BLOCKED
2026-02-14 16:16:59,Probe,BLOCKED
2026-02-14 16:17:00,Probe,BLOCKED
2026-02-14 16:17:00,U2R,BLOCKED
2026-02-14 16:17:01,U2R,BLOCKED
2026-02-14 16:17:01,U2R,BLOCKED
2026-02-14 16:17:01,U2R,BLOCKED
2026-02-14 16:17:01,U2R,BLOCKED
2026-02-14 16:17:01,U2R,BLOCKED
2026-02-14 16:17:01,U2R,BLOCKED
2026-02-14 16:17:01,Probe,BLOCKED
2026-02-14 16:17:01,Probe,BLOCKED
2026-02-14 16:17:01,Probe,BLOCKED
2026-02-14 16:17:01,Probe,BLOCKED
2026-02-14 16:17:01,Probe,BLOCKED
2026-02-14 16:17:01,Probe,BLOCKED
2026-02-14 16:17:01,Probe,BLOCKED
2026-02-14 16:17:01,Probe,BLOCKED
2026-02-14 16:17:01,Probe,BLOCKED
2026-02-14 16:17:01,U2R,BLOCKED
2026-02-14 16:17:01,U2R,BLOCKED
2026-02-14 16:17:06,R2L,BLOCKED
2026-02-14 16:17:06,R2L,BLOCKED
2026-02-14 16:17:07,U2R,BLOCKED
2026-02-14 16:17:08,U2R,BLOCKED
2026-02-14 16:17:12,Probe,BLOCKED
2026-02-14 16:17:12,U2R,BLOCKED
2026-02-14 16:17:12,Probe,BLOCKED
2026-02-14 16:17:12,U2R,BLOCKED
2026-02-14 16:17:12,Probe,BLOCKED
2026-02-14 16:17:12,Probe,BLOCKED
2026-02-14 16:17:12,Probe,BLOCKED
2026-02-14 16:17:12,U2R,BLOCKED
2026-02-14 16:17:12,Probe,BLOCKED
2026-02-14 16:17:12,U2R,BLOCKED
2026-02-14 16:17:13,U2R,BLOCKED
2026-02-14 16:17:13,Probe,BLOCKED
2026-02-14 16:17:13,Probe,BLOCKED
2026-02-14 16:17:13,Probe,BLOCKED
2026-02-14 16:17:13,Probe,BLOCKED
2026-02-14 16:17:13,Probe,BLOCKED
2026-02-14 16:17:16,Probe,BLOCKED
2026-02-14 16:17:16,Probe,BLOCKED
2026-02-14 16:17:16,Probe,BLOCKED
2026-02-14 16:17:16,Probe,BLOCKED
2026-02-14 16:17:16,Probe,BLOCKED
2026-02-14 16:17:16,Probe,BLOCKED
2026-02-14 16:17:16,Probe,BLOCKED
2026-02-14 16:17:17,Probe,BLOCKED
2026-02-14 16:17:17,Probe,BLOCKED
2026-02-14 16:17:17,U2R,BLOCKED
2026-02-14 16:17:17,U2R,BLOCKED
2026-02-14 16:17:17,Probe,BLOCKED
2026-02-14 16:17:17,U2R,BLOCKED
2026-02-14 16:17:18,Probe,BLOCKED
2026-02-14 16:17:18,Probe,BLOCKED
2026-02-14 16:17:18,Probe,BLOCKED
2026-02-14 16:17:18,Probe,BLOCKED
2026-02-14 16:17:18,Probe,BLOCKED
2026-02-14 16:17:18,Probe,BLOCKED
2026-02-14 16:17:18,U2R,BLOCKED
2026-02-14 16:17:20,Probe,BLOCKED
2026-02-14 16:17:21,R2L,BLOCKED
2026-02-14 16:17:21,Probe,BLOCKED
2026-02-14 16:17:21,Probe,BLOCKED
2026-02-14 16:17:21,R2L,BLOCKED
2026-02-14 16:17:21,R2L,BLOCKED
2026-02-14 16:17:21,R2L,BLOCKED
2026-02-14 16:17:22,R2L,BLOCKED
2026-02-14 16:17:22,Probe,BLOCKED
2026-02-14 16:17:22,Probe,BLOCKED
2026-02-14 16:17:22,Probe,BLOCKED
2026-02-14 16:17:23,U2R,BLOCKED
2026-02-14 16:17:23,U2R,BLOCKED
2026-02-14 16:17:26,R2L,BLOCKED
2026-02-14 16:17:26,R2L,BLOCKED
2026-02-14 16:17:26,U2R,BLOCKED
2026-02-14 16:17:27,Probe,BLOCKED
2026-02-14 16:17:27,U2R,BLOCKED
2026-02-14 16:17:27,Probe,BLOCKED
2026-02-14 16:17:28,U2R,BLOCKED
2026-02-14 16:17:32,Probe,BLOCKED
2026-02-14 16:17:32,U2R,BLOCKED
2026-02-14 16:17:32,Probe,BLOCKED
2026-02-14 16:17:32,R2L,BLOCKED
2026-02-14 16:17:32,R2L,BLOCKED
2026-02-14 16:17:33,U2R,BLOCKED
2026-02-14 16:17:33,Probe,BLOCKED
2026-02-14 16:17:33,Probe,BLOCKED
2026-02-14 16:17:33,Probe,BLOCKED
2026-02-14 16:17:33,Probe,BLOCKED
2026-02-14 16:17:33,Probe,BLOCKED
2026-02-14 16:17:33,Probe,BLOCKED
2026-02-14 16:17:33,Probe,BLOCKED
2026-02-14 16:17:33,Probe,BLOCKED
2026-02-14 16:17:33,U2R,BLOCKED
2026-02-14 16:17:33,Probe,BLOCKED
2026-02-14 16:17:33,Probe,BLOCKED
2026-02-14 16:17:33,Probe,BLOCKED
2026-02-14 16:17:33,Probe,BLOCKED
2026-02-14 16:17:33,Probe,BLOCKED
2026-02-14 16:17:36,U2R,BLOCKED
2026-02-14 16:17:36,U2R,BLOCKED
2026-02-14 16:17:36,U2R,BLOCKED
2026-02-14 16:17:36,Probe,BLOCKED
2026-02-14 16:17:36,Probe,BLOCKED
2026-02-14 16:17:36,Probe,BLOCKED
2026-02-14 16:17:36,Probe,BLOCKED
2026-02-14 16:17:36,Probe,BLOCKED
2026-02-14 16:17:36,Probe,BLOCKED
2026-02-14 16:17:36,Probe,BLOCKED
2026-02-14 16:17:36,U2R,BLOCKED
2026-02-14 16:17:36,Probe,BLOCKED
2026-02-14 16:17:36,Probe,BLOCKED
2026-02-14 16:17:36,U2R,BLOCKED
2026-02-14 16:17:36,Probe,BLOCKED
2026-02-14 16:17:36,Probe,BLOCKED
2026-02-14 16:17:36,Probe,BLOCKED
2026-02-14 16:17:36,Probe,BLOCKED
2026-02-14 16:17:36,Probe,BLOCKED
2026-02-14 16:17:36,Probe,BLOCKED
2026-02-14 16:17:39,Probe,BLOCKED
2026-02-14 16:17:39,R2L,BLOCKED
2026-02-14 16:17:40,R2L,BLOCKED
2026-02-14 16:17:41,R2L,BLOCKED
2026-02-14 16:17:43,U2R,BLOCKED
2026-02-14 16:17:43,U2R,BLOCKED
2026-02-14 16:17:46,U2R,BLOCKED
2026-02-14 16:17:46,Probe,BLOCKED
2026-02-14 16:17:46,Probe,BLOCKED
2026-02-14 16:17:46,Probe,BLOCKED
2026-02-14 16:17:47,Probe,BLOCKED
2026-02-14 16:17:47,Probe,BLOCKED
2026-02-14 16:17:47,Probe,BLOCKED
2026-02-14 16:17:47,Probe,BLOCKED
2026-02-14 16:17:47,Probe,BLOCKED
2026-02-14 16:17:47,Probe,BLOCKED
2026-02-14 16:17:47,Probe,BLOCKED
2026-02-14 16:17:47,Probe,BLOCKED
2026-02-14 16:17:47,Probe,BLOCKED
2026-02-14 16:17:47,Probe,BLOCKED
2026-02-14 16:17:49,U2R,BLOCKED
2026-02-14 16:17:49,U2R,BLOCKED
2026-02-14 16:17:49,Probe,BLOCKED
2026-02-14 16:17:49,Probe,BLOCKED
2026-02-14 16:17:49,Probe,BLOCKED
2026-02-14 16:17:49,Probe,BLOCKED
2026-02-14 16:17:49,Probe,BLOCKED
2026-02-14 16:17:49,Probe,BLOCKED
2026-02-14 16:17:49,U2R,BLOCKED
2026-02-14 16:17:49,Probe,BLOCKED
2026-02-14 16:17:49,Probe,BLOCKED
2026-02-14 16:17:49,Probe,BLOCKED
2026-02-14 16:17:49,Probe,BLOCKED
2026-02-14 16:17:49,Probe,BLOCKED
2026-02-14 16:17:49,Probe,BLOCKED
2026-02-14 16:17:49,Probe,BLOCKED
2026-02-14 16:17:49,Probe,BLOCKED
2026-02-14 16:17:49,Probe,BLOCKED
2026-02-14 16:17:49,Probe,BLOCKED
2026-02-14 16:17:49,Probe,BLOCKED
2026-02-14 16:17:52,Probe,BLOCKED
2026-02-14 16:17:52,U2R,BLOCKED
2026-02-14 16:17:52,Probe,BLOCKED
2026-02-14 16:17:53,U2R,BLOCKED
2026-02-14 16:17:53,U2R,BLOCKED
2026-02-14 16:17:57,R2L,BLOCKED
2026-02-14 16:17:58,R2L,BLOCKED
2026-02-14 16:17:58,U2R,BLOCKED
2026-02-14 16:17:58,U2R,BLOCKED
2026-02-14 16:18:01,U2R,BLOCKED
2026-02-14 16:18:01,U2R,BLOCKED
2026-02-14 16:18:01,Probe,BLOCKED
2026-02-14 16:18:01,Probe,BLOCKED
2026-02-14 16:18:01,Probe,BLOCKED
2026-02-14 16:18:01,Probe,BLOCKED
2026-02-14 16:18:02,R2L,BLOCKED
2026-02-14 16:18:02,Probe,BLOCKED
2026-02-14 16:18:02,Probe,BLOCKED
2026-02-14 16:18:02,U2R,BLOCKED
2026-02-14 16:18:02,U2R,BLOCKED
2026-02-14 16:18:04,R2L,BLOCKED
2026-02-14 16:18:05,Probe,BLOCKED
2026-02-14 16:18:06,U2R,BLOCKED
2026-02-14 16:18:06,U2R,BLOCKED
2026-02-14 16:18:06,U2R,BLOCKED
2026-02-14 16:18:06,Probe,BLOCKED
2026-02-14 16:18:06,Probe,BLOCKED
2026-02-14 16:18:06,Probe,BLOCKED
2026-02-14 16:18:06,Probe,BLOCKED
2026-02-14 16:18:06,Probe,BLOCKED
2026-02-14 16:18:06,Probe,BLOCKED
2026-02-14 16:18:06,Probe,BLOCKED
2026-02-14 16:18:06,U2R,BLOCKED
2026-02-14 16:18:06,Probe,BLOCKED
2026-02-14 16:18:06,Probe,BLOCKED
2026-02-14 16:18:06,Probe,BLOCKED
2026-02-14 16:18:06,Probe,BLOCKED
2026-02-14 16:18:06,Probe,BLOCKED
2026-02-14 16:18:06,Probe,BLOCKED
2026-02-14 16:18:06,U2R,BLOCKED
2026-02-14 16:18:09,Probe,BLOCKED
2026-02-14 16:18:09,U2R,BLOCKED
2026-02-14 16:18:09,U2R,BLOCKED
2026-02-14 16:18:09,Probe,BLOCKED
2026-02-14 16:18:09,Probe,BLOCKED
2026-02-14 16:18:09,Probe,BLOCKED
2026-02-14 16:18:09,Probe,BLOCKED
2026-02-14 16:18:09,Probe,BLOCKED
2026-02-14 16:18:09,Probe,BLOCKED
2026-02-14 16:18:09,Probe,BLOCKED
2026-02-14 16:18:09,Probe,BLOCKED
2026-02-14 16:18:09,Probe,BLOCKED
2026-02-14 16:18:09,Probe,BLOCKED
2026-02-14 16:18:09,Probe,BLOCKED
2026-02-14 16:18:09,Probe,BLOCKED
2026-02-14 16:18:09,Probe,BLOCKED
2026-02-14 16:18:09,U2R,BLOCKED
2026-02-14 16:18:09,Probe,BLOCKED
2026-02-14 16:18:09,Probe,BLOCKED
2026-02-14 16:18:09,Probe,BLOCKED
2026-02-14 16:18:12,Probe,BLOCKED
2026-02-14 16:18:12,U2R,BLOCKED
2026-02-14 16:18:12,Probe,BLOCKED
2026-02-14 16:18:13,U2R,BLOCKED
2026-02-14 16:18:13,U2R,BLOCKED
2026-02-14 16:18:16,Probe,BLOCKED
2026-02-14 16:18:16,Probe,BLOCKED
2026-02-14 16:18:16,Probe,BLOCKED
2026-02-14 16:18:16,Probe,BLOCKED
2026-02-14 16:18:16,Probe,BLOCKED
2026-02-14 16:18:16,Probe,BLOCKED
2026-02-14 16:18:16,Probe,BLOCKED
2026-02-14 16:18:16,Probe,BLOCKED
2026-02-14 16:18:16,Probe,BLOCKED
2026-02-14 16:18:16,Probe,BLOCKED
2026-02-14 16:18:16,Probe,BLOCKED
2026-02-14 16:18:16,Probe,BLOCKED
2026-02-14 16:18:16,Probe,BLOCKED
2026-02-14 16:18:16,Probe,BLOCKED
2026-02-14 16:18:16,Probe,BLOCKED
2026-02-14 16:18:20,U2R,BLOCKED
2026-02-14 16:18:21,Probe,BLOCKED
2026-02-14 16:18:21,U2R,BLOCKED
2026-02-14 16:18:21,Probe,BLOCKED
2026-02-14 16:18:22,R2L,BLOCKED
2026-02-14 16:18:23,R2L,BLOCKED
2026-02-14 16:18:23,U2R,BLOCKED
2026-02-14 16:18:23,Probe,BLOCKED
2026-02-14 16:18:23,Probe,BLOCKED
2026-02-14 16:18:23,Probe,BLOCKED
2026-02-14 16:18:23,Probe,BLOCKED
2026-02-14 16:18:23,Probe,BLOCKED
2026-02-14 16:18:23,Probe,BLOCKED
2026-02-14 16:18:23,Probe,BLOCKED
2026-02-14 16:18:23,Probe,BLOCKED
2026-02-14 16:18:23,Probe,BLOCKED
2026-02-14 16:18:23,Probe,BLOCKED
2026-02-14 16:18:23,Probe,BLOCKED
2026-02-14 16:18:23,Probe,BLOCKED
2026-02-14 16:18:23,U2R,BLOCKED
2026-02-14 16:18:28,U2R,BLOCKED
2026-02-14 16:18:28,U2R,BLOCKED
2026-02-14 16:18:30,U2R,BLOCKED
2026-02-14 16:18:30,Probe,BLOCKED
2026-02-14 16:18:30,Probe,BLOCKED
2026-02-14 16:18:30,U2R,BLOCKED
2026-02-14 16:18:30,Probe,BLOCKED
2026-02-14 16:18:30,Probe,BLOCKED
2026-02-14 16:18:31,R2L,BLOCKED
2026-02-14 16:18:32,Probe,BLOCKED
2026-02-14 16:18:32,R2L,BLOCKED
2026-02-14 16:18:32,R2L,BLOCKED
2026-02-14 16:18:32,R2L,BLOCKED
2026-02-14 16:18:32,R2L,BLOCKED
2026-02-14 16:18:32,Probe,BLOCKED
2026-02-14 16:18:32,U2R,BLOCKED
2026-02-14 16:18:32,Probe,BLOCKED
2026-02-14 16:18:33,U2R,BLOCKED
2026-02-14 16:18:33,U2R,BLOCKED
2026-02-14 16:18:33,Probe,BLOCKED
2026-02-14 16:18:37,R2L,BLOCKED
2026-02-14 16:18:38,U2R,BLOCKED
2026-02-14 16:18:38,U2R,BLOCKED
2026-02-14 16:18:38,R2L,BLOCKED
2026-02-14 16:18:38,R2L,BLOCKED
2026-02-14 16:18:38,U2R,BLOCKED
2026-02-14 16:18:39,Probe,BLOCKED
2026-02-14 16:18:39,U2R,BLOCKED
2026-02-14 16:18:39,Probe,BLOCKED
2026-02-14 16:18:43,U2R,BLOCKED
2026-02-14 16:18:43,U2R,BLOCKED
2026-02-14 16:18:46,Probe,BLOCKED
2026-02-14 16:18:46,Probe,BLOCKED
2026-02-14 16:18:46,Probe,BLOCKED
2026-02-14 16:18:46,Probe,BLOCKED
2026-02-14 16:18:46,Probe,BLOCKED
2026-02-14 16:18:46,Probe,BLOCKED
2026-02-14 16:18:46,Probe,BLOCKED
2026-02-14 16:18:46,Probe,BLOCKED
2026-02-14 16:18:46,Probe,BLOCKED
2026-02-14 16:18:48,Probe,BLOCKED
2026-02-14 16:18:49,Probe,BLOCKED
2026-02-14 16:18:49,U2R,BLOCKED
2026-02-14 16:18:49,U2R,BLOCKED
2026-02-14 16:18:49,Probe,BLOCKED
2026-02-14 16:18:49,Probe,BLOCKED
2026-02-14 16:18:49,Probe,BLOCKED
2026-02-14 16:18:49,Probe,BLOCKED
2026-02-14 16:18:49,Probe,BLOCKED
2026-02-14 16:18:49,U2R,BLOCKED
2026-02-14 16:18:49,Probe,BLOCKED
2026-02-14 16:18:49,Probe,BLOCKED
2026-02-14 16:18:49,Probe,BLOCKED
2026-02-14 16:18:49,Probe,BLOCKED
2026-02-14 16:18:49,Probe,BLOCKED
2026-02-14 16:18:49,Probe,BLOCKED
2026-02-14 16:18:49,Probe,BLOCKED
2026-02-14 16:18:49,Probe,BLOCKED
2026-02-14 16:18:49,Probe,BLOCKED
2026-02-14 16:18:49,Probe,BLOCKED
2026-02-14 16:18:52,Probe,BLOCKED
2026-02-14 16:18:52,Probe,BLOCKED
2026-02-14 16:18:52,U2R,BLOCKED
2026-02-14 16:18:52,Probe,BLOCKED
2026-02-14 16:18:52,Probe,BLOCKED
2026-02-14 16:18:52,Probe,BLOCKED
2026-02-14 16:18:53,U2R,BLOCKED
2026-02-14 16:18:53,Probe,BLOCKED
2026-02-14 16:18:53,Probe,BLOCKED
2026-02-14 16:18:53,Probe,BLOCKED
2026-02-14 16:18:53,Probe,BLOCKED
2026-02-14 16:18:53,Probe,BLOCKED
2026-02-14 16:18:53,Probe,BLOCKED
2026-02-14 16:18:53,Probe,BLOCKED
2026-02-14 16:18:53,Probe,BLOCKED
2026-02-14 16:18:53,Probe,BLOCKED
2026-02-14 16:18:53,Probe,BLOCKED
2026-02-14 16:18:53,Probe,BLOCKED
2026-02-14 16:18:53,Probe,BLOCKED
2026-02-14 16:18:53,U2R,BLOCKED
2026-02-14 16:18:58,U2R,BLOCKED
2026-02-14 16:18:58,U2R,BLOCKED
2026-02-14 16:19:00,U2R,BLOCKED
2026-02-14 16:19:01,Probe,BLOCKED
2026-02-14 16:19:01,U2R,BLOCKED
2026-02-14 16:19:01,Probe,BLOCKED
2026-02-14 16:19:01,Probe,BLOCKED
2026-02-14 16:19:01,Probe,BLOCKED
2026-02-14 16:19:01,U2R,BLOCKED
2026-02-14 16:19:01,Probe,BLOCKED
2026-02-14 16:19:01,Probe,BLOCKED
2026-02-14 16:19:01,Probe,BLOCKED
2026-02-14 16:19:01,Probe,BLOCKED
2026-02-14 16:19:01,Probe,BLOCKED
2026-02-14 16:19:01,Probe,BLOCKED
2026-02-14 16:19:01,Probe,BLOCKED
2026-02-14 16:19:01,Probe,BLOCKED
2026-02-14 16:19:01,Probe,BLOCKED
2026-02-14 16:19:02,Probe,BLOCKED
2026-02-14 16:19:02,Probe,BLOCKED
2026-02-14 16:19:08,U2R,BLOCKED
2026-02-14 16:19:08,U2R,BLOCKED
2026-02-14 16:19:12,Probe,BLOCKED
2026-02-14 16:19:12,U2R,BLOCKED
2026-02-14 16:19:12,R2L,BLOCKED
2026-02-14 16:19:13,Probe,BLOCKED
2026-02-14 16:19:13,R2L,BLOCKED
2026-02-14 16:19:13,U2R,BLOCKED
2026-02-14 16:19:13,U2R,BLOCKED
2026-02-14 16:19:18,U2R,BLOCKED
2026-02-14 16:19:18,U2R,BLOCKED
2026-02-14 16:19:18,Probe,BLOCKED
2026-02-14 16:19:18,U2R,BLOCKED
2026-02-14 16:19:18,Probe,BLOCKED
2026-02-14 16:19:18,Probe,BLOCKED
2026-02-14 16:19:18,Probe,BLOCKED
2026-02-14 16:19:18,U2R,BLOCKED
2026-02-14 16:19:18,Probe,BLOCKED
2026-02-14 16:19:20,U2R,BLOCKED
2026-02-14 16:19:22,R2L,BLOCKED
2026-02-14 16:19:26,U2R,BLOCKED
2026-02-14 16:19:27,Probe,BLOCKED
2026-02-14 16:19:27,U2R,BLOCKED
2026-02-14 16:19:27,U2R,BLOCKED
2026-02-14 16:19:27,Probe,BLOCKED
2026-02-14 16:19:27,R2L,BLOCKED
2026-02-14 16:19:27,R2L,BLOCKED
2026-02-14 16:19:28,U2R,BLOCKED
2026-02-14 16:19:28,U2R,BLOCKED
2026-02-14 16:19:28,U2R,BLOCKED
2026-02-14 16:19:28,U2R,BLOCKED
2026-02-14 16:19:28,Probe,BLOCKED
2026-02-14 16:19:28,Probe,BLOCKED
2026-02-14 16:19:28,Probe,BLOCKED
2026-02-14 16:19:28,Probe,BLOCKED
2026-02-14 16:19:28,Probe,BLOCKED
2026-02-14 16:19:28,U2R,BLOCKED
2026-02-14 16:19:28,Probe,BLOCKED
2026-02-14 16:19:28,U2R,BLOCKED
2026-02-14 16:19:28,Probe,BLOCKED
2026-02-14 16:19:31,Probe,BLOCKED
2026-02-14 16:19:31,U2R,BLOCKED
2026-02-14 16:19:31,Probe,BLOCKED
2026-02-14 16:19:32,Probe,BLOCKED
2026-02-14 16:19:32,U2R,BLOCKED
2026-02-14 16:19:32,Probe,BLOCKED
2026-02-14 16:19:33,U2R,BLOCKED
2026-02-14 16:19:33,U2R,BLOCKED
2026-02-14 16:19:34,U2R,BLOCKED
2026-02-14 16:19:37,Probe,BLOCKED
2026-02-14 16:19:37,Probe,BLOCKED
2026-02-14 16:19:38,R2L,BLOCKED
2026-02-14 16:19:38,R2L,BLOCKED
2026-02-14 16:19:38,Probe,BLOCKED
2026-02-14 16:19:38,U2R,BLOCKED
2026-02-14 16:19:38,Probe,BLOCKED
2026-02-14 16:19:38,U2R,BLOCKED
2026-02-14 16:19:39,Probe,BLOCKED
2026-02-14 16:19:39,Probe,BLOCKED
2026-02-14 16:19:42,R2L,BLOCKED
2026-02-14 16:19:44,R2L,BLOCKED
2026-02-14 16:19:47,Probe,BLOCKED
2026-02-14 16:19:47,Probe,BLOCKED
2026-02-14 16:19:47,Probe,BLOCKED
2026-02-14 16:19:47,Probe,BLOCKED
2026-02-14 16:19:47,Probe,BLOCKED
2026-02-14 16:19:47,Probe,BLOCKED
2026-02-14 16:19:48,U2R,BLOCKED
2026-02-14 16:19:48,Probe,BLOCKED
2026-02-14 16:19:48,Probe,BLOCKED
2026-02-14 16:19:48,Probe,BLOCKED
2026-02-14 16:19:48,Probe,BLOCKED
2026-02-14 16:19:48,Probe,BLOCKED
2026-02-14 16:19:48,U2R,BLOCKED
2026-02-14 16:19:48,Probe,BLOCKED
2026-02-14 16:19:48,U2R,BLOCKED
2026-02-14 16:19:48,Probe,BLOCKED
2026-02-14 16:19:49,Probe,BLOCKED
2026-02-14 16:19:49,Probe,BLOCKED
2026-02-14 16:19:49,Probe,BLOCKED
2026-02-14 16:19:51,U2R,BLOCKED
2026-02-14 16:19:51,Probe,BLOCKED
2026-02-14 16:19:52,Probe,BLOCKED
2026-02-14 16:19:52,U2R,BLOCKED
2026-02-14 16:19:52,Probe,BLOCKED
2026-02-14 16:19:53,U2R,BLOCKED
2026-02-14 16:19:53,Probe,BLOCKED
2026-02-14 16:19:53,Probe,BLOCKED
2026-02-14 16:19:53,Probe,BLOCKED
2026-02-14 16:19:53,Probe,BLOCKED
2026-02-14 16:19:53,Probe,BLOCKED
2026-02-14 16:19:53,Probe,BLOCKED
2026-02-14 16:19:54,Probe,BLOCKED
2026-02-14 16:19:58,U2R,BLOCKED
2026-02-14 16:19:58,Probe,BLOCKED
2026-02-14 16:19:58,Probe,BLOCKED
2026-02-14 16:19:58,Probe,BLOCKED
2026-02-14 16:19:58,Probe,BLOCKED
2026-02-14 16:19:58,Probe,BLOCKED
2026-02-14 16:19:58,Probe,BLOCKED
2026-02-14 16:20:01,U2R,BLOCKED
2026-02-14 16:20:01,U2R,BLOCKED
2026-02-14 16:20:01,U2R,BLOCKED
2026-02-14 16:20:01,Probe,BLOCKED
2026-02-14 16:20:01,Probe,BLOCKED
2026-02-14 16:20:01,Probe,BLOCKED
2026-02-14 16:20:01,Probe,BLOCKED
2026-02-14 16:20:01,Probe,BLOCKED
2026-02-14 16:20:01,Probe,BLOCKED
2026-02-14 16:20:01,U2R,BLOCKED
2026-02-14 16:20:01,Probe,BLOCKED
2026-02-14 16:20:01,U2R,BLOCKED
2026-02-14 16:20:01,U2R,BLOCKED
2026-02-14 16:20:01,Probe,BLOCKED
2026-02-14 16:20:02,Probe,BLOCKED
2026-02-14 16:20:02,Probe,BLOCKED
2026-02-14 16:20:02,Probe,BLOCKED
2026-02-14 16:20:02,Probe,BLOCKED
2026-02-14 16:20:02,Probe,BLOCKED
2026-02-14 16:20:02,Probe,BLOCKED
2026-02-14 16:20:08,U2R,BLOCKED
2026-02-14 16:20:08,R2L,BLOCKED
2026-02-14 16:20:08,R2L,BLOCKED
2026-02-14 16:20:08,U2R,BLOCKED
2026-02-14 16:20:10,Probe,BLOCKED
2026-02-14 16:20:11,U2R,BLOCKED
2026-02-14 16:20:11,Probe,BLOCKED
2026-02-14 16:20:11,U2R,BLOCKED
2026-02-14 16:20:11,Probe,BLOCKED
2026-02-14 16:20:11,U2R,BLOCKED
2026-02-14 16:20:11,U2R,BLOCKED
2026-02-14 16:20:11,U2R,BLOCKED
2026-02-14 16:20:11,Probe,BLOCKED
2026-02-14 16:20:11,Probe,BLOCKED
2026-02-14 16:20:11,Probe,BLOCKED
2026-02-14 16:20:11,Probe,BLOCKED
2026-02-14 16:20:11,Probe,BLOCKED
2026-02-14 16:20:11,Probe,BLOCKED
2026-02-14 16:20:11,U2R,BLOCKED
2026-02-14 16:20:11,Probe,BLOCKED
2026-02-14 16:20:15,U2R,BLOCKED
2026-02-14 16:20:16,Probe,BLOCKED
2026-02-14 16:20:16,Probe,BLOCKED
2026-02-14 16:20:16,Probe,BLOCKED
2026-02-14 16:20:16,Probe,BLOCKED
2026-02-14 16:20:16,Probe,BLOCKED
2026-02-14 16:20:16,Probe,BLOCKED
2026-02-14 16:20:17,Probe,BLOCKED
2026-02-14 16:20:17,Probe,BLOCKED
2026-02-14 16:20:17,Probe,BLOCKED
2026-02-14 16:20:17,Probe,BLOCKED
2026-02-14 16:20:17,Probe,BLOCKED
2026-02-14 16:20:17,Probe,BLOCKED
2026-02-14 16:20:17,Probe,BLOCKED
2026-02-14 16:20:17,Probe,BLOCKED
2026-02-14 16:20:17,Probe,BLOCKED
2026-02-14 16:20:17,Probe,BLOCKED
2026-02-14 16:20:17,Probe,BLOCKED
2026-02-14 16:20:17,Probe,BLOCKED
2026-02-14 16:20:17,Probe,BLOCKED
2026-02-14 16:20:23,U2R,BLOCKED
2026-02-14 16:20:23,U2R,BLOCKED
2026-02-14 16:20:23,Probe,BLOCKED
2026-02-14 16:20:23,Probe,BLOCKED
2026-02-14 16:20:23,Probe,BLOCKED
2026-02-14 16:20:23,Probe,BLOCKED
2026-02-14 16:20:23,U2R,BLOCKED
2026-02-14 16:20:23,Probe,BLOCKED
2026-02-14 16:20:23,Probe,BLOCKED
2026-02-14 16:20:24,Probe,BLOCKED
2026-02-14 16:20:24,Probe,BLOCKED
2026-02-14 16:20:24,Probe,BLOCKED
2026-02-14 16:20:24,Probe,BLOCKED
2026-02-14 16:20:24,Probe,BLOCKED
2026-02-14 16:20:24,Probe,BLOCKED
2026-02-14 16:20:24,Probe,BLOCKED
2026-02-14 16:20:24,Probe,BLOCKED
2026-02-14 16:20:24,Probe,BLOCKED
2026-02-14 16:20:24,Probe,BLOCKED
2026-02-14 16:20:24,Probe,BLOCKED
2026-02-14 16:20:26,U2R,BLOCKED
2026-02-14 16:20:26,U2R,BLOCKED
2026-02-14 16:20:26,Probe,BLOCKED
2026-02-14 16:20:26,Probe,BLOCKED
2026-02-14 16:20:26,Probe,BLOCKED
2026-02-14 16:20:27,Probe,BLOCKED
2026-02-14 16:20:27,R2L,BLOCKED
2026-02-14 16:20:27,Probe,BLOCKED
2026-02-14 16:20:27,Probe,BLOCKED
2026-02-14 16:20:27,U2R,BLOCKED
2026-02-14 16:20:27,U2R,BLOCKED
2026-02-14 16:20:27,U2R,BLOCKED
2026-02-14 16:20:27,R2L,BLOCKED
2026-02-14 16:20:28,R2L,BLOCKED
2026-02-14 16:20:28,U2R,BLOCKED
2026-02-14 16:20:28,U2R,BLOCKED
2026-02-14 16:20:28,Probe,BLOCKED
2026-02-14 16:20:28,U2R,BLOCKED
2026-02-14 16:20:28,U2R,BLOCKED
2026-02-14 16:20:28,R2L,BLOCKED
2026-02-14 16:20:31,U2R,BLOCKED
2026-02-14 16:20:31,Probe,BLOCKED
2026-02-14 16:20:31,U2R,BLOCKED
2026-02-14 16:20:31,U2R,BLOCKED
2026-02-14 16:20:32,Probe,BLOCKED
2026-02-14 16:20:32,Probe,BLOCKED
2026-02-14 16:20:32,U2R,BLOCKED
2026-02-14 16:20:32,Probe,BLOCKED
2026-02-14 16:20:32,Probe,BLOCKED
2026-02-14 16:20:32,Probe,BLOCKED
2026-02-14 16:20:33,Probe,BLOCKED
2026-02-14 16:20:33,Probe,BLOCKED
2026-02-14 16:20:33,Probe,BLOCKED
2026-02-14 16:20:33,Probe,BLOCKED
2026-02-14 16:20:33,Probe,BLOCKED
2026-02-14 16:20:33,Probe,BLOCKED
2026-02-14 16:20:33,Probe,BLOCKED
2026-02-14 16:20:33,Probe,BLOCKED
2026-02-14 16:20:33,Probe,BLOCKED
2026-02-14 16:20:33,Probe,BLOCKED
2026-02-14 16:20:38,U2R,BLOCKED
2026-02-14 16:20:38,U2R,BLOCKED
2026-02-14 16:20:39,Probe,BLOCKED
2026-02-14 16:20:39,U2R,BLOCKED
2026-02-14 16:20:39,Probe,BLOCKED
2026-02-14 16:20:39,Probe,BLOCKED
2026-02-14 16:20:39,U2R,BLOCKED
2026-02-14 16:20:39,Probe,BLOCKED
2026-02-14 16:20:43,U2R,BLOCKED
2026-02-14 16:20:43,U2R,BLOCKED
2026-02-14 16:20:48,U2R,BLOCKED
2026-02-14 16:20:48,U2R,BLOCKED
2026-02-14 16:20:48,U2R,BLOCKED
2026-02-14 16:20:48,U2R,BLOCKED
2026-02-14 16:20:49,U2R,BLOCKED
2026-02-14 16:20:49,Probe,BLOCKED
2026-02-14 16:20:49,Probe,BLOCKED
2026-02-14 16:20:49,Probe,BLOCKED
2026-02-14 16:20:49,Probe,BLOCKED
2026-02-14 16:20:49,Probe,BLOCKED
2026-02-14 16:20:52,Probe,BLOCKED
2026-02-14 16:20:52,U2R,BLOCKED
2026-02-14 16:20:52,R2L,BLOCKED
2026-02-14 16:20:52,Probe,BLOCKED
2026-02-14 16:20:52,Probe,BLOCKED
2026-02-14 16:20:53,U2R,BLOCKED
2026-02-14 16:20:53,Probe,BLOCKED
2026-02-14 16:20:53,R2L,BLOCKED
2026-02-14 16:20:53,R2L,BLOCKED
2026-02-14 16:20:53,Probe,BLOCKED
2026-02-14 16:20:53,Probe,BLOCKED
2026-02-14 16:20:53,Probe,BLOCKED
2026-02-14 16:20:53,Probe,BLOCKED
2026-02-14 16:20:53,Probe,BLOCKED
2026-02-14 16:20:53,Probe,BLOCKED
2026-02-14 16:20:53,Probe,BLOCKED
2026-02-14 16:20:53,Probe,BLOCKED
2026-02-14 16:20:53,Probe,BLOCKED
2026-02-14 16:20:53,Probe,BLOCKED
2026-02-14 16:20:53,Probe,BLOCKED
2026-02-14 16:20:58,U2R,BLOCKED
2026-02-14 16:20:58,Probe,BLOCKED
2026-02-14 16:20:58,Probe,BLOCKED
2026-02-14 16:20:58,U2R,BLOCKED
2026-02-14 16:20:59,R2L,BLOCKED
2026-02-14 16:20:59,R2L,BLOCKED
2026-02-14 16:20:59,U2R,BLOCKED
2026-02-14 16:20:59,Probe,BLOCKED
2026-02-14 16:20:59,Probe,BLOCKED
2026-02-14 16:20:59,U2R,BLOCKED
2026-02-14 16:20:59,Probe,BLOCKED
2026-02-14 16:20:59,Probe,BLOCKED
2026-02-14 16:20:59,U2R,BLOCKED
2026-02-14 16:21:00,Probe,BLOCKED
2026-02-14 16:21:00,U2R,BLOCKED
2026-02-14 16:21:00,Probe,BLOCKED
2026-02-14 16:21:01,U2R,BLOCKED
2026-02-14 16:21:01,U2R,BLOCKED
2026-02-14 16:21:01,U2R,BLOCKED
2026-02-14 16:21:01,Probe,BLOCKED
2026-02-14 16:21:08,U2R,BLOCKED
2026-02-14 16:21:08,U2R,BLOCKED
2026-02-14 16:21:12,Probe,BLOCKED
2026-02-14 16:21:12,U2R,BLOCKED
2026-02-14 16:21:12,Probe,BLOCKED
2026-02-14 16:21:13,U2R,BLOCKED
2026-02-14 16:21:13,U2R,BLOCKED
2026-02-14 16:21:16,Probe,BLOCKED
2026-02-14 16:21:16,Probe,BLOCKED
2026-02-14 16:21:17,R2L,BLOCKED
2026-02-14 16:21:18,R2L,BLOCKED
2026-02-14 16:21:18,U2R,BLOCKED
2026-02-14 16:21:18,U2R,BLOCKED
2026-02-14 16:21:23,U2R,BLOCKED
2026-02-14 16:21:23,U2R,BLOCKED
2026-02-14 16:21:26,Probe,BLOCKED
2026-02-14 16:21:26,Probe,BLOCKED
2026-02-14 16:21:27,U2R,BLOCKED
2026-02-14 16:21:27,U2R,BLOCKED
2026-02-14 16:21:27,Probe,BLOCKED
2026-02-14 16:21:29,Probe,BLOCKED
2026-02-14 16:21:29,U2R,BLOCKED
2026-02-14 16:21:30,Probe,BLOCKED
2026-02-14 16:21:30,U2R,BLOCKED
2026-02-14 16:21:30,U2R,BLOCKED
2026-02-14 16:21:30,Probe,BLOCKED
2026-02-14 16:21:30,U2R,BLOCKED
2026-02-14 16:21:30,Probe,BLOCKED
2026-02-14 16:21:30,R2L,BLOCKED
2026-02-14 16:21:32,Probe,BLOCKED
2026-02-14 16:21:32,U2R,BLOCKED
2026-02-14 16:21:32,Probe,BLOCKED
2026-02-14 16:21:33,U2R,BLOCKED
2026-02-14 16:21:33,U2R,BLOCKED
2026-02-14 16:21:34,R2L,BLOCKED
2026-02-14 16:21:34,R2L,BLOCKED
2026-02-14 16:21:36,U2R,BLOCKED
2026-02-14 16:21:36,Probe,BLOCKED
2026-02-14 16:21:36,U2R,BLOCKED
2026-02-14 16:21:36,U2R,BLOCKED
2026-02-14 16:21:41,Probe,BLOCKED
2026-02-14 16:21:41,U2R,BLOCKED
2026-02-14 16:21:41,Probe,BLOCKED
2026-02-14 16:21:41,Probe,BLOCKED
2026-02-14 16:21:41,Probe,BLOCKED
2026-02-14 16:21:41,Probe,BLOCKED
2026-02-14 16:21:43,U2R,BLOCKED
2026-02-14 16:21:43,U2R,BLOCKED
2026-02-14 16:21:43,Probe,BLOCKED
2026-02-14 16:21:44,Probe,BLOCKED
2026-02-14 16:21:45,R2L,BLOCKED
2026-02-14 16:21:45,U2R,BLOCKED
2026-02-14 16:21:45,U2R,BLOCKED
2026-02-14 16:21:45,Probe,BLOCKED
2026-02-14 16:21:45,Probe,BLOCKED
2026-02-14 16:21:45,Probe,BLOCKED
2026-02-14 16:21:45,Probe,BLOCKED
2026-02-14 16:21:45,R2L,BLOCKED
2026-02-14 16:21:46,Probe,BLOCKED
2026-02-14 16:21:46,Probe,BLOCKED
2026-02-14 16:21:48,Probe,BLOCKED
2026-02-14 16:21:49,Probe,BLOCKED
2026-02-14 16:21:49,Probe,BLOCKED
2026-02-14 16:21:49,Probe,BLOCKED
2026-02-14 16:21:49,U2R,BLOCKED
2026-02-14 16:21:49,Probe,BLOCKED
2026-02-14 16:21:49,Probe,BLOCKED
2026-02-14 16:21:49,Probe,BLOCKED
2026-02-14 16:21:49,Probe,BLOCKED
2026-02-14 16:21:49,Probe,BLOCKED
2026-02-14 16:21:49,U2R,BLOCKED
2026-02-14 16:21:49,Probe,BLOCKED
2026-02-14 16:21:49,Probe,BLOCKED
2026-02-14 16:21:49,Probe,BLOCKED
2026-02-14 16:21:49,Probe,BLOCKED
2026-02-14 16:21:49,Probe,BLOCKED
2026-02-14 16:21:49,Probe,BLOCKED
2026-02-14 16:21:49,Probe,BLOCKED
2026-02-14 16:21:49,Probe,BLOCKED
2026-02-14 16:21:49,U2R,BLOCKED
2026-02-14 16:21:52,Probe,BLOCKED
2026-02-14 16:21:52,Probe,BLOCKED
2026-02-14 16:21:52,Probe,BLOCKED
2026-02-14 16:21:52,Probe,BLOCKED
2026-02-14 16:21:52,Probe,BLOCKED
2026-02-14 16:21:52,Probe,BLOCKED
2026-02-14 16:21:52,Probe,BLOCKED
2026-02-14 16:21:52,Probe,BLOCKED
2026-02-14 16:21:52,Probe,BLOCKED
2026-02-14 16:21:52,Probe,BLOCKED
2026-02-14 16:21:52,Probe,BLOCKED
2026-02-14 16:21:53,Probe,BLOCKED
2026-02-14 16:21:53,Probe,BLOCKED
2026-02-14 16:21:53,Probe,BLOCKED
2026-02-14 16:21:53,Probe,BLOCKED
2026-02-14 16:21:53,Probe,BLOCKED
2026-02-14 16:21:53,Probe,BLOCKED
2026-02-14 16:21:53,U2R,BLOCKED
2026-02-14 16:21:53,Probe,BLOCKED
2026-02-14 16:21:53,U2R,BLOCKED
2026-02-14 16:21:57,Probe,BLOCKED
2026-02-14 16:21:57,Probe,BLOCKED
2026-02-14 16:21:57,Probe,BLOCKED
2026-02-14 16:21:57,Probe,BLOCKED
2026-02-14 16:21:57,Probe,BLOCKED
2026-02-14 16:21:57,Probe,BLOCKED
2026-02-14 16:21:57,Probe,BLOCKED
2026-02-14 16:21:57,Probe,BLOCKED
2026-02-14 16:21:57,Probe,BLOCKED
2026-02-14 16:21:57,Probe,BLOCKED
2026-02-14 16:21:57,Probe,BLOCKED
2026-02-14 16:21:57,Probe,BLOCKED
2026-02-14 16:21:57,Probe,BLOCKED
2026-02-14 16:21:57,Probe,BLOCKED
2026-02-14 16:21:58,Probe,BLOCKED
2026-02-14 16:21:58,U2R,BLOCKED
2026-02-14 16:21:58,U2R,BLOCKED
2026-02-14 16:21:58,U2R,BLOCKED
2026-02-14 16:22:01,U2R,BLOCKED
2026-02-14 16:22:01,U2R,BLOCKED
2026-02-14 16:22:04,R2L,BLOCKED
2026-02-14 16:22:04,R2L,BLOCKED
2026-02-14 16:22:06,R2L,BLOCKED
2026-02-14 16:22:06,R2L,BLOCKED
2026-02-14 16:22:06,Probe,BLOCKED
2026-02-14 16:22:06,Probe,BLOCKED
2026-02-14 16:22:06,Probe,BLOCKED
2026-02-14 16:22:06,Probe,BLOCKED
2026-02-14 16:22:06,R2L,BLOCKED
2026-02-14 16:22:06,R2L,BLOCKED
2026-02-14 16:22:06,R2L,BLOCKED
2026-02-14 16:22:06,R2L,BLOCKED
2026-02-14 16:22:06,U2R,BLOCKED
2026-02-14 16:22:06,U2R,BLOCKED
2026-02-14 16:22:06,R2L,BLOCKED
2026-02-14 16:22:06,U2R,BLOCKED
2026-02-14 16:22:06,R2L,BLOCKED
2026-02-14 16:22:06,U2R,BLOCKED
2026-02-14 16:22:06,U2R,BLOCKED
2026-02-14 16:22:06,U2R,BLOCKED
2026-02-14 16:22:09,Probe,BLOCKED
2026-02-14 16:22:09,Probe,BLOCKED
2026-02-14 16:22:09,Probe,BLOCKED
2026-02-14 16:22:09,U2R,BLOCKED
2026-02-14 16:22:09,Probe,BLOCKED
2026-02-14 16:22:09,Probe,BLOCKED
2026-02-14 16:22:09,Probe,BLOCKED
2026-02-14 16:22:09,Probe,BLOCKED
2026-02-14 16:22:09,U2R,BLOCKED
2026-02-14 16:22:09,Probe,BLOCKED
2026-02-14 16:22:09,Probe,BLOCKED
2026-02-14 16:22:09,Probe,BLOCKED
2026-02-14 16:22:09,Probe,BLOCKED
2026-02-14 16:22:09,U2R,BLOCKED
2026-02-14 16:22:09,Probe,BLOCKED
2026-02-14 16:22:09,Probe,BLOCKED
2026-02-14 16:22:09,Probe,BLOCKED
2026-02-14 16:22:09,Probe,BLOCKED
2026-02-14 16:22:09,R2L,BLOCKED
2026-02-14 16:22:09,R2L,BLOCKED
2026-02-14 16:22:12,Probe,BLOCKED
2026-02-14 16:22:12,Probe,BLOCKED
2026-02-14 16:22:12,Probe,BLOCKED
2026-02-14 16:22:12,Probe,BLOCKED
2026-02-14 16:22:12,Probe,BLOCKED
2026-02-14 16:22:12,Probe,BLOCKED
2026-02-14 16:22:12,Probe,BLOCKED
2026-02-14 16:22:12,Probe,BLOCKED
2026-02-14 16:22:12,Probe,BLOCKED
2026-02-14 16:22:12,U2R,BLOCKED
2026-02-14 16:22:12,Probe,BLOCKED
2026-02-14 16:22:12,Probe,BLOCKED
2026-02-14 16:22:12,Probe,BLOCKED
2026-02-14 16:22:13,Probe,BLOCKED
2026-02-14 16:22:13,Probe,BLOCKED
2026-02-14 16:22:13,U2R,BLOCKED
2026-02-14 16:22:13,Probe,BLOCKED
2026-02-14 16:22:13,U2R,BLOCKED
2026-02-14 16:22:13,Probe,BLOCKED
2026-02-14 16:22:13,Probe,BLOCKED
2026-02-14 16:22:15,U2R,BLOCKED
2026-02-14 16:22:15,U2R,BLOCKED
2026-02-14 16:22:15,U2R,BLOCKED
2026-02-14 16:22:15,Probe,BLOCKED
2026-02-14 16:22:15,Probe,BLOCKED
2026-02-14 16:22:15,Probe,BLOCKED
2026-02-14 16:22:15,Probe,BLOCKED
2026-02-14 16:22:15,Probe,BLOCKED
2026-02-14 16:22:15,Probe,BLOCKED
2026-02-14 16:22:15,Probe,BLOCKED
2026-02-14 16:22:15,Probe,BLOCKED
2026-02-14 16:22:15,Probe,BLOCKED
2026-02-14 16:22:15,Probe,BLOCKED
2026-02-14 16:22:15,Probe,BLOCKED
2026-02-14 16:22:15,Probe,BLOCKED
2026-02-14 16:22:15,Probe,BLOCKED
2026-02-14 16:22:15,Probe,BLOCKED
2026-02-14 16:22:15,Probe,BLOCKED
2026-02-14 16:22:15,Probe,BLOCKED
2026-02-14 16:22:15,Probe,BLOCKED
2026-02-14 16:22:17,Probe,BLOCKED
2026-02-14 16:22:17,Probe,BLOCKED
2026-02-14 16:22:17,Probe,BLOCKED
2026-02-14 16:22:18,Probe,BLOCKED
2026-02-14 16:22:18,Probe,BLOCKED
2026-02-14 16:22:18,Probe,BLOCKED
2026-02-14 16:22:18,Probe,BLOCKED
2026-02-14 16:22:18,Probe,BLOCKED
2026-02-14 16:22:18,Probe,BLOCKED
2026-02-14 16:22:18,Probe,BLOCKED
2026-02-14 16:22:18,Probe,BLOCKED
2026-02-14 16:22:18,U2R,BLOCKED
2026-02-14 16:22:19,U2R,BLOCKED
2026-02-14 16:22:19,Probe,BLOCKED
2026-02-14 16:22:19,U2R,BLOCKED
2026-02-14 16:22:19,U2R,BLOCKED
2026-02-14 16:22:19,Probe,BLOCKED
2026-02-14 16:22:19,Probe,BLOCKED
2026-02-14 16:22:19,Probe,BLOCKED
2026-02-14 16:22:19,Probe,BLOCKED
2026-02-14 16:22:21,Probe,BLOCKED
2026-02-14 16:22:21,Probe,BLOCKED
2026-02-14 16:22:21,Probe,BLOCKED
2026-02-14 16:22:21,Probe,BLOCKED
2026-02-14 16:22:21,U2R,BLOCKED
2026-02-14 16:22:22,U2R,BLOCKED
2026-02-14 16:22:22,U2R,BLOCKED
2026-02-14 16:22:22,Probe,BLOCKED
2026-02-14 16:22:22,Probe,BLOCKED
2026-02-14 16:22:22,U2R,BLOCKED
2026-02-14 16:22:22,Probe,BLOCKED
2026-02-14 16:22:22,Probe,BLOCKED
2026-02-14 16:22:22,Probe,BLOCKED
2026-02-14 16:22:22,Probe,BLOCKED
2026-02-14 16:22:22,U2R,BLOCKED
2026-02-14 16:22:22,U2R,BLOCKED
2026-02-14 16:22:22,U2R,BLOCKED
2026-02-14 16:22:22,U2R,BLOCKED
2026-02-14 16:22:22,Probe,BLOCKED
2026-02-14 16:22:22,Probe,BLOCKED
2026-02-14 16:22:24,Probe,BLOCKED
2026-02-14 16:22:24,U2R,BLOCKED
2026-02-14 16:22:24,Probe,BLOCKED
2026-02-14 16:22:25,U2R,BLOCKED
2026-02-14 16:22:25,Probe,BLOCKED
2026-02-14 16:22:25,U2R,BLOCKED
2026-02-14 16:22:25,Probe,BLOCKED
2026-02-14 16:22:25,U2R,BLOCKED
2026-02-14 16:22:25,Probe,BLOCKED
2026-02-14 16:22:25,Probe,BLOCKED
2026-02-14 16:22:25,U2R,BLOCKED
2026-02-14 16:22:25,U2R,BLOCKED
2026-02-14 16:22:26,Probe,BLOCKED
2026-02-14 16:22:26,U2R,BLOCKED
2026-02-14 16:22:26,Probe,BLOCKED
2026-02-14 16:22:26,Probe,BLOCKED
2026-02-14 16:22:26,Probe,BLOCKED
2026-02-14 16:22:26,Probe,BLOCKED
2026-02-14 16:22:26,Probe,BLOCKED
2026-02-14 16:22:26,Probe,BLOCKED
2026-02-14 16:22:30,Probe,BLOCKED
2026-02-14 16:22:30,U2R,BLOCKED
2026-02-14 16:22:30,U2R,BLOCKED
2026-02-14 16:22:30,U2R,BLOCKED
2026-02-14 16:22:30,Probe,BLOCKED
2026-02-14 16:22:30,U2R,BLOCKED
2026-02-14 16:22:30,Probe,BLOCKED
2026-02-14 16:22:30,U2R,BLOCKED
2026-02-14 16:22:30,Probe,BLOCKED
2026-02-14 16:22:30,Probe,BLOCKED
2026-02-14 16:22:30,U2R,BLOCKED
2026-02-14 16:22:31,R2L,BLOCKED
2026-02-14 16:22:31,Probe,BLOCKED
2026-02-14 16:22:31,U2R,BLOCKED
2026-02-14 16:22:31,Probe,BLOCKED
2026-02-14 16:22:31,U2R,BLOCKED
2026-02-14 16:22:31,U2R,BLOCKED
2026-02-14 16:22:31,U2R,BLOCKED
2026-02-14 16:22:32,R2L,BLOCKED
2026-02-14 16:22:32,U2R,BLOCKED
2026-02-14 16:22:34,Probe,BLOCKED
2026-02-14 16:22:34,U2R,BLOCKED
2026-02-14 16:22:34,Probe,BLOCKED
2026-02-14 16:22:34,U2R,BLOCKED
2026-02-14 16:22:34,Probe,BLOCKED
2026-02-14 16:22:34,U2R,BLOCKED
2026-02-14 16:22:35,Probe,BLOCKED
2026-02-14 16:22:35,U2R,BLOCKED
2026-02-14 16:22:35,U2R,BLOCKED
2026-02-14 16:22:35,U2R,BLOCKED
2026-02-14 16:22:35,U2R,BLOCKED
2026-02-14 16:22:35,U2R,BLOCKED
2026-02-14 16:22:35,Probe,BLOCKED
2026-02-14 16:22:36,R2L,BLOCKED
2026-02-14 16:22:36,Probe,BLOCKED
2026-02-14 16:22:36,Probe,BLOCKED
2026-02-14 16:22:36,U2R,BLOCKED
2026-02-14 16:22:36,Probe,BLOCKED
2026-02-14 16:22:36,U2R,BLOCKED
2026-02-14 16:22:36,Probe,BLOCKED
2026-02-14 16:22:39,Probe,BLOCKED
2026-02-14 16:22:39,U2R,BLOCKED
2026-02-14 16:22:39,Probe,BLOCKED
2026-02-14 16:22:39,U2R,BLOCKED
2026-02-14 16:22:40,U2R,BLOCKED
2026-02-14 16:22:40,U2R,BLOCKED
2026-02-14 16:22:40,U2R,BLOCKED
2026-02-14 16:22:40,U2R,BLOCKED
2026-02-14 16:22:40,U2R,BLOCKED
2026-02-14 16:22:40,U2R,BLOCKED
2026-02-14 16:22:40,U2R,BLOCKED
2026-02-14 16:22:40,U2R,BLOCKED
2026-02-14 16:22:41,U2R,BLOCKED
2026-02-14 16:22:41,U2R,BLOCKED
2026-02-14 16:22:41,Probe,BLOCKED
2026-02-14 16:22:41,Probe,BLOCKED
2026-02-14 16:22:41,U2R,BLOCKED
2026-02-14 16:22:42,Probe,BLOCKED
2026-02-14 16:22:42,Probe,BLOCKED
2026-02-14 16:22:42,Probe,BLOCKED
2026-02-14 16:22:44,U2R,BLOCKED
2026-02-14 16:22:44,U2R,BLOCKED
2026-02-14 16:22:44,R2L,BLOCKED
2026-02-14 16:22:45,U2R,BLOCKED
2026-02-14 16:22:45,U2R,BLOCKED
2026-02-14 16:22:45,U2R,BLOCKED
2026-02-14 16:22:45,U2R,BLOCKED
2026-02-14 16:22:45,Probe,BLOCKED
2026-02-14 16:22:45,U2R,BLOCKED
2026-02-14 16:22:45,U2R,BLOCKED
2026-02-14 16:22:45,U2R,BLOCKED
2026-02-14 16:22:45,R2L,BLOCKED
2026-02-14 16:22:46,U2R,BLOCKED
2026-02-14 16:22:46,U2R,BLOCKED
2026-02-14 16:22:46,Probe,BLOCKED
2026-02-14 16:22:46,U2R,BLOCKED
2026-02-14 16:22:46,Probe,BLOCKED
2026-02-14 16:22:46,Probe,BLOCKED
2026-02-14 16:22:46,U2R,BLOCKED
2026-02-14 16:22:46,U2R,BLOCKED
2026-02-14 16:22:49,Probe,BLOCKED
2026-02-14 16:22:49,Probe,BLOCKED
2026-02-14 16:22:49,Probe,BLOCKED
2026-02-14 16:22:49,U2R,BLOCKED
2026-02-14 16:22:49,Probe,BLOCKED
2026-02-14 16:22:49,R2L,BLOCKED
2026-02-14 16:22:49,Probe,BLOCKED
2026-02-14 16:22:49,R2L,BLOCKED
2026-02-14 16:22:49,U2R,BLOCKED
2026-02-14 16:22:49,U2R,BLOCKED
2026-02-14 16:22:49,U2R,BLOCKED
2026-02-14 16:22:49,U2R,BLOCKED
2026-02-14 16:22:49,U2R,BLOCKED
2026-02-14 16:22:49,Probe,BLOCKED
2026-02-14 16:22:49,Probe,BLOCKED
2026-02-14 16:22:49,U2R,BLOCKED
2026-02-14 16:22:49,R2L,BLOCKED
2026-02-14 16:22:49,R2L,BLOCKED
2026-02-14 16:22:49,U2R,BLOCKED
2026-02-14 16:22:49,U2R,BLOCKED
2026-02-14 16:22:52,Probe,BLOCKED
2026-02-14 16:22:52,Probe,BLOCKED
2026-02-14 16:22:52,Probe,BLOCKED
2026-02-14 16:22:52,Probe,BLOCKED
2026-02-14 16:22:52,Probe,BLOCKED
2026-02-14 16:22:52,Probe,BLOCKED
2026-02-14 16:22:52,U2R,BLOCKED
2026-02-14 16:22:52,Probe,BLOCKED
2026-02-14 16:22:53,U2R,BLOCKED
2026-02-14 16:22:54,R2L,BLOCKED
2026-02-14 16:22:54,R2L,BLOCKED
2026-02-14 16:22:54,R2L,BLOCKED
2026-02-14 16:22:54,R2L,BLOCKED
2026-02-14 16:22:57,R2L,BLOCKED
2026-02-14 16:22:57,R2L,BLOCKED
2026-02-14 16:22:57,R2L,BLOCKED
2026-02-14 16:22:58,U2R,BLOCKED
2026-02-14 16:22:59,R2L,BLOCKED
2026-02-14 16:23:00,R2L,BLOCKED
2026-02-14 16:23:00,U2R,BLOCKED
2026-02-14 16:23:03,U2R,BLOCKED
2026-02-14 16:23:04,U2R,BLOCKED
2026-02-14 16:23:05,Probe,BLOCKED
2026-02-14 16:23:05,Probe,BLOCKED
2026-02-14 16:23:05,Probe,BLOCKED
2026-02-14 16:23:05,Probe,BLOCKED
2026-02-14 16:23:05,Probe,BLOCKED
2026-02-14 16:23:05,Probe,BLOCKED
2026-02-14 16:23:05,Probe,BLOCKED
2026-02-14 16:23:05,Probe,BLOCKED
2026-02-14 16:23:05,Probe,BLOCKED
2026-02-14 16:23:05,Probe,BLOCKED
2026-02-14 16:23:05,Probe,BLOCKED
2026-02-14 16:23:05,Probe,BLOCKED
2026-02-14 16:23:05,Probe,BLOCKED
2026-02-14 16:23:05,Probe,BLOCKED
2026-02-14 16:23:05,Probe,BLOCKED
2026-02-14 16:23:05,Probe,BLOCKED
2026-02-14 16:23:05,U2R,BLOCKED
2026-02-14 16:23:08,U2R,BLOCKED
2026-02-14 16:23:11,U2R,BLOCKED
2026-02-14 16:23:11,Probe,BLOCKED
2026-02-14 16:23:12,U2R,BLOCKED
2026-02-14 16:23:12,Probe,BLOCKED
2026-02-14 16:23:12,Probe,BLOCKED
2026-02-14 16:23:12,U2R,BLOCKED
2026-02-14 16:23:12,Probe,BLOCKED
2026-02-14 16:23:13,Probe,BLOCKED
2026-02-14 16:23:13,Probe,BLOCKED
2026-02-14 16:23:13,Probe,BLOCKED
2026-02-14 16:23:13,Probe,BLOCKED
2026-02-14 16:23:13,Probe,BLOCKED
2026-02-14 16:23:13,Probe,BLOCKED
2026-02-14 16:23:13,Probe,BLOCKED
2026-02-14 16:23:13,Probe,BLOCKED
2026-02-14 16:23:13,Probe,BLOCKED
2026-02-14 16:23:13,Probe,BLOCKED
2026-02-14 16:23:13,Probe,BLOCKED
2026-02-14 16:23:13,Probe,BLOCKED
2026-02-14 16:23:13,Probe,BLOCKED
2026-02-14 16:23:18,Probe,BLOCKED
2026-02-14 16:23:18,Probe,BLOCKED
2026-02-14 16:23:18,Probe,BLOCKED
2026-02-14 16:23:18,Probe,BLOCKED
2026-02-14 16:23:18,Probe,BLOCKED
2026-02-14 16:23:18,Probe,BLOCKED
2026-02-14 16:23:18,Probe,BLOCKED
2026-02-14 16:23:18,Probe,BLOCKED
2026-02-14 16:23:18,Probe,BLOCKED
2026-02-14 16:23:18,Probe,BLOCKED
2026-02-14 16:23:18,Probe,BLOCKED
2026-02-14 16:23:18,Probe,BLOCKED
2026-02-14 16:23:18,Probe,BLOCKED
2026-02-14 16:23:18,Probe,BLOCKED
2026-02-14 16:23:18,Probe,BLOCKED
2026-02-14 16:23:18,Probe,BLOCKED
2026-02-14 16:23:18,Probe,BLOCKED
2026-02-14 16:23:18,Probe,BLOCKED
2026-02-14 16:23:18,Probe,BLOCKED
2026-02-14 16:23:18,Probe,BLOCKED
2026-02-14 16:23:22,Probe,BLOCKED
2026-02-14 16:23:23,U2R,BLOCKED
2026-02-14 16:23:24,Probe,BLOCKED
2026-02-14 16:23:24,Probe,BLOCKED
2026-02-14 16:23:24,Probe,BLOCKED
2026-02-14 16:23:24,Probe,BLOCKED
2026-02-14 16:23:24,Probe,BLOCKED
2026-02-14 16:23:24,Probe,BLOCKED
2026-02-14 16:23:24,Probe,BLOCKED
2026-02-14 16:23:24,Probe,BLOCKED
2026-02-14 16:23:24,Probe,BLOCKED
2026-02-14 16:23:24,Probe,BLOCKED
2026-02-14 16:23:24,Probe,BLOCKED
2026-02-14 16:23:24,Probe,BLOCKED
2026-02-14 16:23:24,U2R,BLOCKED
2026-02-14 16:23:24,U2R,BLOCKED
2026-02-14 16:23:24,U2R,BLOCKED
2026-02-14 16:23:24,Probe,BLOCKED
2026-02-14 16:23:24,Probe,BLOCKED
2026-02-14 16:23:24,Probe,BLOCKED
2026-02-14 16:23:27,Probe,BLOCKED
2026-02-14 16:23:27,Probe,BLOCKED
2026-02-14 16:23:27,Probe,BLOCKED
2026-02-14 16:23:27,Probe,BLOCKED
2026-02-14 16:23:27,Probe,BLOCKED
2026-02-14 16:23:27,Probe,BLOCKED
2026-02-14 16:23:27,Probe,BLOCKED
2026-02-14 16:23:27,Probe,BLOCKED
2026-02-14 16:23:27,Probe,BLOCKED
2026-02-14 16:23:27,Probe,BLOCKED
2026-02-14 16:23:27,Probe,BLOCKED
2026-02-14 16:23:27,Probe,BLOCKED
2026-02-14 16:23:27,Probe,BLOCKED
2026-02-14 16:23:27,Probe,BLOCKED
2026-02-14 16:23:27,Probe,BLOCKED
2026-02-14 16:23:28,Probe,BLOCKED
2026-02-14 16:23:28,U2R,BLOCKED
2026-02-14 16:23:28,U2R,BLOCKED
2026-02-14 16:23:28,Probe,BLOCKED
2026-02-14 16:23:28,U2R,BLOCKED
2026-02-14 16:23:31,Probe,BLOCKED
2026-02-14 16:23:31,R2L,BLOCKED
2026-02-14 16:23:32,Probe,BLOCKED
2026-02-14 16:23:32,U2R,BLOCKED
2026-02-14 16:23:32,Probe,BLOCKED
2026-02-14 16:23:33,U2R,BLOCKED
2026-02-14 16:23:34,R2L,BLOCKED
2026-02-14 16:23:34,Probe,BLOCKED
2026-02-14 16:23:38,R2L,BLOCKED
2026-02-14 16:23:38,R2L,BLOCKED
2026-02-14 16:23:38,R2L,BLOCKED
2026-02-14 16:23:38,U2R,BLOCKED
2026-02-14 16:23:40,Probe,BLOCKED
2026-02-14 16:23:40,Probe,BLOCKED
2026-02-14 16:23:43,Probe,BLOCKED
2026-02-14 16:23:43,Probe,BLOCKED
2026-02-14 16:23:43,Probe,BLOCKED
2026-02-14 16:23:43,Probe,BLOCKED
2026-02-14 16:23:43,Probe,BLOCKED
2026-02-14 16:23:43,U2R,BLOCKED
2026-02-14 16:23:47,U2R,BLOCKED
2026-02-14 16:23:47,U2R,BLOCKED
2026-02-14 16:23:47,Probe,BLOCKED
2026-02-14 16:23:48,U2R,BLOCKED
2026-02-14 16:23:48,U2R,BLOCKED
2026-02-14 16:23:48,Probe,BLOCKED
2026-02-14 16:23:48,Probe,BLOCKED
2026-02-14 16:23:48,R2L,BLOCKED
2026-02-14 16:23:48,R2L,BLOCKED
2026-02-14 16:23:48,Probe,BLOCKED
2026-02-14 16:23:48,Probe,BLOCKED
2026-02-14 16:23:48,R2L,BLOCKED
2026-02-14 16:23:48,R2L,BLOCKED
2026-02-14 16:23:48,R2L,BLOCKED
2026-02-14 16:23:48,Probe,BLOCKED
2026-02-14 16:23:48,Probe,BLOCKED
2026-02-14 16:23:48,Probe,BLOCKED
2026-02-14 16:23:48,R2L,BLOCKED
2026-02-14 16:23:48,Probe,BLOCKED
2026-02-14 16:23:48,Probe,BLOCKED
2026-02-14 16:23:52,Probe,BLOCKED
2026-02-14 16:23:52,U2R,BLOCKED
2026-02-14 16:23:52,Probe,BLOCKED
2026-02-14 16:23:53,R2L,BLOCKED
2026-02-14 16:23:53,R2L,BLOCKED
2026-02-14 16:23:53,R2L,BLOCKED
2026-02-14 16:23:53,R2L,BLOCKED
2026-02-14 16:23:53,U2R,BLOCKED
2026-02-14 16:23:54,U2R,BLOCKED
2026-02-14 16:23:54,U2R,BLOCKED
2026-02-14 16:23:55,Probe,BLOCKED
2026-02-14 16:23:55,U2R,BLOCKED
2026-02-14 16:23:55,Probe,BLOCKED
2026-02-14 16:23:55,Probe,BLOCKED
2026-02-14 16:23:55,Probe,BLOCKED
2026-02-14 16:23:55,Probe,BLOCKED
2026-02-14 16:23:55,Probe,BLOCKED
2026-02-14 16:23:56,Probe,BLOCKED
2026-02-14 16:23:56,Probe,BLOCKED
2026-02-14 16:23:56,Probe,BLOCKED
2026-02-14 16:23:58,U2R,BLOCKED
2026-02-14 16:23:59,Probe,BLOCKED
2026-02-14 16:23:59,Probe,BLOCKED
2026-02-14 16:24:01,U2R,BLOCKED
2026-02-14 16:24:01,Probe,BLOCKED
2026-02-14 16:24:02,U2R,BLOCKED
2026-02-14 16:24:02,U2R,BLOCKED
2026-02-14 16:24:02,Probe,BLOCKED
2026-02-14 16:24:02,Probe,BLOCKED
2026-02-14 16:24:02,Probe,BLOCKED
2026-02-14 16:24:02,Probe,BLOCKED
2026-02-14 16:24:02,Probe,BLOCKED
2026-02-14 16:24:02,U2R,BLOCKED
2026-02-14 16:24:02,U2R,BLOCKED
2026-02-14 16:24:02,U2R,BLOCKED
2026-02-14 16:24:02,U2R,BLOCKED
2026-02-14 16:24:02,U2R,BLOCKED
2026-02-14 16:24:02,U2R,BLOCKED
2026-02-14 16:24:02,Probe,BLOCKED
2026-02-14 16:24:02,Probe,BLOCKED
2026-02-14 16:24:04,U2R,BLOCKED
2026-02-14 16:24:04,U2R,BLOCKED
2026-02-14 16:24:04,Probe,BLOCKED
2026-02-14 16:24:07,Probe,BLOCKED
2026-02-14 16:24:07,Probe,BLOCKED
2026-02-14 16:24:08,U2R,BLOCKED
2026-02-14 16:24:09,Probe,BLOCKED
2026-02-14 16:24:12,U2R,BLOCKED
2026-02-14 16:24:12,Probe,BLOCKED
2026-02-14 16:24:12,U2R,BLOCKED
2026-02-14 16:24:12,Probe,BLOCKED
2026-02-14 16:24:13,U2R,BLOCKED
2026-02-14 16:24:13,U2R,BLOCKED
2026-02-14 16:24:14,Probe,BLOCKED
2026-02-14 16:24:14,U2R,BLOCKED
2026-02-14 16:24:14,U2R,BLOCKED
2026-02-14 16:24:14,Probe,BLOCKED
2026-02-14 16:24:18,U2R,BLOCKED
2026-02-14 16:24:19,U2R,BLOCKED
2026-02-14 16:24:23,U2R,BLOCKED
2026-02-14 16:24:28,U2R,BLOCKED
2026-02-14 16:24:28,U2R,BLOCKED
2026-02-14 16:24:28,U2R,BLOCKED
2026-02-14 16:24:28,Probe,BLOCKED
2026-02-14 16:24:28,Probe,BLOCKED
2026-02-14 16:24:28,Probe,BLOCKED
2026-02-14 16:24:28,Probe,BLOCKED
2026-02-14 16:24:28,Probe,BLOCKED
2026-02-14 16:24:28,Probe,BLOCKED
2026-02-14 16:24:28,U2R,BLOCKED
2026-02-14 16:24:28,Probe,BLOCKED
2026-02-14 16:24:28,R2L,BLOCKED
2026-02-14 16:24:28,U2R,BLOCKED
2026-02-14 16:24:28,R2L,BLOCKED
2026-02-14 16:24:28,U2R,BLOCKED
2026-02-14 16:24:28,Probe,BLOCKED
2026-02-14 16:24:28,Probe,BLOCKED
2026-02-14 16:24:28,Probe,BLOCKED
2026-02-14 16:24:28,Probe,BLOCKED
2026-02-14 16:24:28,Probe,BLOCKED
2026-02-14 16:24:32,Probe,BLOCKED
2026-02-14 16:24:32,U2R,BLOCKED
2026-02-14 16:24:32,Probe,BLOCKED
2026-02-14 16:24:32,U2R,BLOCKED
2026-02-14 16:24:32,Probe,BLOCKED
2026-02-14 16:24:33,U2R,BLOCKED
2026-02-14 16:24:33,Probe,BLOCKED
2026-02-14 16:24:33,U2R,BLOCKED
2026-02-14 16:24:34,U2R,BLOCKED
2026-02-14 16:24:38,U2R,BLOCKED
2026-02-14 16:24:39,U2R,BLOCKED
2026-02-14 16:24:39,U2R,BLOCKED
2026-02-14 16:24:39,U2R,BLOCKED
2026-02-14 16:24:39,Probe,BLOCKED
2026-02-14 16:24:40,U2R,BLOCKED
2026-02-14 16:24:40,Probe,BLOCKED
2026-02-14 16:24:40,Probe,BLOCKED
2026-02-14 16:24:40,Probe,BLOCKED
2026-02-14 16:24:40,Probe,BLOCKED
2026-02-14 16:24:40,Probe,BLOCKED
2026-02-14 16:24:43,U2R,BLOCKED
2026-02-14 16:24:43,U2R,BLOCKED
2026-02-14 16:24:43,U2R,BLOCKED
2026-02-14 16:24:43,Probe,BLOCKED
2026-02-14 16:24:43,U2R,BLOCKED
2026-02-14 16:24:43,Probe,BLOCKED
2026-02-14 16:24:43,Probe,BLOCKED
2026-02-14 16:24:43,Probe,BLOCKED
2026-02-14 16:24:44,Probe,BLOCKED
2026-02-14 16:24:44,U2R,BLOCKED
2026-02-14 16:24:44,Probe,BLOCKED
2026-02-14 16:24:44,Probe,BLOCKED
2026-02-14 16:24:44,Probe,BLOCKED
2026-02-14 16:24:44,Probe,BLOCKED
2026-02-14 16:24:44,Probe,BLOCKED
2026-02-14 16:24:44,Probe,BLOCKED
2026-02-14 16:24:44,Probe,BLOCKED
2026-02-14 16:24:44,Probe,BLOCKED
2026-02-14 16:24:44,Probe,BLOCKED
2026-02-14 16:24:44,Probe,BLOCKED
2026-02-14 16:24:48,R2L,BLOCKED
2026-02-14 16:24:48,R2L,BLOCKED
2026-02-14 16:24:48,R2L,BLOCKED
2026-02-14 16:24:48,U2R,BLOCKED
2026-02-14 16:24:48,U2R,BLOCKED
2026-02-14 16:24:48,U2R,BLOCKED
2026-02-14 16:24:49,U2R,BLOCKED
2026-02-14 16:24:49,Probe,BLOCKED
2026-02-14 16:24:49,Probe,BLOCKED
2026-02-14 16:24:49,Probe,BLOCKED
2026-02-14 16:24:49,Probe,BLOCKED
2026-02-14 16:24:49,Probe,BLOCKED
2026-02-14 16:24:49,Probe,BLOCKED
2026-02-14 16:24:49,U2R,BLOCKED
2026-02-14 16:24:49,U2R,BLOCKED
2026-02-14 16:24:49,U2R,BLOCKED
2026-02-14 16:24:49,Probe,BLOCKED
2026-02-14 16:24:49,Probe,BLOCKED
2026-02-14 16:24:49,Probe,BLOCKED
2026-02-14 16:24:49,Probe,BLOCKED
2026-02-14 16:24:53,R2L,BLOCKED
2026-02-14 16:24:53,R2L,BLOCKED
2026-02-14 16:24:53,Probe,BLOCKED
2026-02-14 16:24:53,Probe,BLOCKED
2026-02-14 16:24:53,Probe,BLOCKED
2026-02-14 16:24:53,Probe,BLOCKED
2026-02-14 16:24:53,Probe,BLOCKED
2026-02-14 16:24:53,Probe,BLOCKED
2026-02-14 16:24:53,Probe,BLOCKED
2026-02-14 16:24:53,Probe,BLOCKED
2026-02-14 16:24:53,Probe,BLOCKED
2026-02-14 16:24:53,U2R,BLOCKED
2026-02-14 16:24:54,R2L,BLOCKED
2026-02-14 16:24:54,R2L,BLOCKED
2026-02-14 16:24:58,U2R,BLOCKED
2026-02-14 16:24:59,U2R,BLOCKED
2026-02-14 16:25:01,U2R,BLOCKED
2026-02-14 16:25:01,U2R,BLOCKED
2026-02-14 16:25:01,U2R,BLOCKED
2026-02-14 16:25:01,Probe,BLOCKED
2026-02-14 16:25:03,U2R,BLOCKED
2026-02-14 16:25:04,U2R,BLOCKED
2026-02-14 16:25:05,Probe,BLOCKED
2026-02-14 16:25:05,U2R,BLOCKED
2026-02-14 16:25:05,Probe,BLOCKED
2026-02-14 16:25:07,U2R,BLOCKED
2026-02-14 16:25:07,U2R,BLOCKED
2026-02-14 16:25:07,U2R,BLOCKED
2026-02-14 16:25:08,Probe,BLOCKED
2026-02-14 16:25:08,Probe,BLOCKED
2026-02-14 16:25:08,Probe,BLOCKED
2026-02-14 16:25:08,Probe,BLOCKED
2026-02-14 16:25:08,Probe,BLOCKED
2026-02-14 16:25:08,Probe,BLOCKED
2026-02-14 16:25:08,U2R,BLOCKED
2026-02-14 16:25:08,U2R,BLOCKED
2026-02-14 16:25:08,U2R,BLOCKED
2026-02-14 16:25:08,Probe,BLOCKED
2026-02-14 16:25:08,Probe,BLOCKED
2026-02-14 16:25:08,Probe,BLOCKED
2026-02-14 16:25:14,U2R,BLOCKED
2026-02-14 16:25:14,U2R,BLOCKED
2026-02-14 16:25:18,U2R,BLOCKED
2026-02-14 16:25:18,R2L,BLOCKED
2026-02-14 16:25:18,R2L,BLOCKED
2026-02-14 16:25:19,U2R,BLOCKED
2026-02-14 16:25:19,Probe,BLOCKED
2026-02-14 16:25:19,U2R,BLOCKED
2026-02-14 16:25:19,U2R,BLOCKED
2026-02-14 16:25:19,Probe,BLOCKED
2026-02-14 16:25:20,Probe,BLOCKED
2026-02-14 16:25:20,Probe,BLOCKED
2026-02-14 16:25:20,Probe,BLOCKED
2026-02-14 16:25:20,U2R,BLOCKED
2026-02-14 16:25:20,U2R,BLOCKED
2026-02-14 16:25:20,Probe,BLOCKED
2026-02-14 16:25:20,U2R,BLOCKED
2026-02-14 16:25:20,U2R,BLOCKED
2026-02-14 16:25:20,U2R,BLOCKED
2026-02-14 16:25:20,Probe,BLOCKED
2026-02-14 16:25:23,Probe,BLOCKED
2026-02-14 16:25:23,Probe,BLOCKED
2026-02-14 16:25:23,U2R,BLOCKED
2026-02-14 16:25:23,Probe,BLOCKED
2026-02-14 16:25:23,U2R,BLOCKED
2026-02-14 16:25:24,Probe,BLOCKED
2026-02-14 16:25:24,Probe,BLOCKED
2026-02-14 16:25:24,Probe,BLOCKED
2026-02-14 16:25:24,Probe,BLOCKED
2026-02-14 16:25:24,Probe,BLOCKED
2026-02-14 16:25:24,Probe,BLOCKED
2026-02-14 16:25:24,U2R,BLOCKED
2026-02-14 16:25:24,Probe,BLOCKED
2026-02-14 16:25:24,Probe,BLOCKED
2026-02-14 16:25:24,U2R,BLOCKED
2026-02-14 16:25:24,Probe,BLOCKED
2026-02-14 16:25:24,Probe,BLOCKED
2026-02-14 16:25:24,Probe,BLOCKED
2026-02-14 16:25:24,Probe,BLOCKED
2026-02-14 16:25:24,Probe,BLOCKED
2026-02-14 16:25:29,U2R,BLOCKED
2026-02-14 16:25:29,Probe,BLOCKED
2026-02-14 16:25:30,U2R,BLOCKED
2026-02-14 16:25:34,U2R,BLOCKED
2026-02-14 16:25:34,U2R,BLOCKED
2026-02-14 16:25:35,R2L,BLOCKED
2026-02-14 16:25:35,Probe,BLOCKED
2026-02-14 16:25:35,R2L,BLOCKED
2026-02-14 16:25:35,R2L,BLOCKED
2026-02-14 16:25:36,R2L,BLOCKED
2026-02-14 16:25:36,R2L,BLOCKED
2026-02-14 16:25:38,U2R,BLOCKED
2026-02-14 16:25:39,Probe,BLOCKED
2026-02-14 16:25:39,U2R,BLOCKED
2026-02-14 16:25:39,U2R,BLOCKED
2026-02-14 16:25:39,U2R,BLOCKED
2026-02-14 16:25:39,Probe,BLOCKED
2026-02-14 16:25:43,R2L,BLOCKED
2026-02-14 16:25:44,R2L,BLOCKED
2026-02-14 16:25:44,U2R,BLOCKED
2026-02-14 16:25:46,U2R,BLOCKED
2026-02-14 16:25:47,Probe,BLOCKED
2026-02-14 16:25:47,Probe,BLOCKED
2026-02-14 16:25:47,Probe,BLOCKED
2026-02-14 16:25:47,Probe,BLOCKED
2026-02-14 16:25:48,Probe,BLOCKED
2026-02-14 16:25:48,Probe,BLOCKED
2026-02-14 16:25:48,Probe,BLOCKED
2026-02-14 16:25:48,Probe,BLOCKED
2026-02-14 16:25:48,Probe,BLOCKED
2026-02-14 16:25:48,Probe,BLOCKED
2026-02-14 16:25:48,Probe,BLOCKED
2026-02-14 16:25:48,Probe,BLOCKED
2026-02-14 16:25:48,Probe,BLOCKED
2026-02-14 16:25:48,Probe,BLOCKED
2026-02-14 16:25:48,Probe,BLOCKED
2026-02-14 16:25:48,Probe,BLOCKED
2026-02-14 16:25:48,Probe,BLOCKED
2026-02-14 16:25:48,Probe,BLOCKED
2026-02-14 16:25:48,Probe,BLOCKED
2026-02-14 16:25:54,U2R,BLOCKED
2026-02-14 16:25:54,U2R,BLOCKED
2026-02-14 16:25:54,U2R,BLOCKED
2026-02-14 16:25:54,Probe,BLOCKED
2026-02-14 16:25:54,U2R,BLOCKED
2026-02-14 16:25:54,U2R,BLOCKED
2026-02-14 16:25:54,U2R,BLOCKED
2026-02-14 16:25:54,Probe,BLOCKED
2026-02-14 16:25:54,Probe,BLOCKED
2026-02-14 16:25:54,Probe,BLOCKED
2026-02-14 16:25:55,Probe,BLOCKED
2026-02-14 16:25:55,Probe,BLOCKED
2026-02-14 16:25:55,Probe,BLOCKED
2026-02-14 16:25:55,Probe,BLOCKED
2026-02-14 16:25:55,Probe,BLOCKED
2026-02-14 16:25:55,U2R,BLOCKED
2026-02-14 16:25:55,Probe,BLOCKED
2026-02-14 16:25:55,Probe,BLOCKED
2026-02-14 16:25:55,Probe,BLOCKED
2026-02-14 16:25:55,Probe,BLOCKED
2026-02-14 16:25:59,U2R,BLOCKED
2026-02-14 16:25:59,U2R,BLOCKED
2026-02-14 16:25:59,U2R,BLOCKED
2026-02-14 16:25:59,U2R,BLOCKED
2026-02-14 16:25:59,Probe,BLOCKED
2026-02-14 16:25:59,Probe,BLOCKED
2026-02-14 16:25:59,Probe,BLOCKED
2026-02-14 16:26:00,Probe,BLOCKED
2026-02-14 16:26:00,R2L,BLOCKED
2026-02-14 16:26:00,U2R,BLOCKED
2026-02-14 16:26:00,U2R,BLOCKED
2026-02-14 16:26:00,U2R,BLOCKED
2026-02-14 16:26:00,Probe,BLOCKED
2026-02-14 16:26:00,Probe,BLOCKED
2026-02-14 16:26:00,Probe,BLOCKED
2026-02-14 16:26:00,Probe,BLOCKED
2026-02-14 16:26:00,Probe,BLOCKED
2026-02-14 16:26:00,U2R,BLOCKED
2026-02-14 16:26:00,Probe,BLOCKED
2026-02-14 16:26:00,Probe,BLOCKED
2026-02-14 16:26:04,U2R,BLOCKED
2026-02-14 16:26:05,Probe,BLOCKED
2026-02-14 16:26:05,U2R,BLOCKED
2026-02-14 16:26:05,Probe,BLOCKED
2026-02-14 16:26:05,R2L,BLOCKED
2026-02-14 16:26:05,R2L,BLOCKED
2026-02-14 16:26:08,R2L,BLOCKED
2026-02-14 16:26:08,R2L,BLOCKED
2026-02-14 16:26:09,U2R,BLOCKED
2026-02-14 16:26:09,U2R,BLOCKED
2026-02-14 16:26:10,U2R,BLOCKED
2026-02-14 16:26:10,U2R,BLOCKED
2026-02-14 16:26:10,U2R,BLOCKED
2026-02-14 16:26:11,U2R,BLOCKED
2026-02-14 16:26:11,U2R,BLOCKED
2026-02-14 16:26:11,U2R,BLOCKED
2026-02-14 16:26:12,U2R,BLOCKED
2026-02-14 16:26:12,Probe,BLOCKED
2026-02-14 16:26:12,U2R,BLOCKED
2026-02-14 16:26:12,Probe,BLOCKED
2026-02-14 16:26:48,Probe,BLOCKED
2026-02-14 16:26:48,U2R,BLOCKED
2026-02-14 16:26:48,U2R,BLOCKED
2026-02-14 16:26:48,Probe,BLOCKED
2026-02-14 16:26:48,U2R,BLOCKED
2026-02-14 16:26:48,U2R,BLOCKED
2026-02-14 16:26:48,U2R,BLOCKED
2026-02-14 16:26:48,U2R,BLOCKED
2026-02-14 16:26:48,U2R,BLOCKED
2026-02-14 16:26:48,Probe,BLOCKED
2026-02-14 16:26:50,Probe,BLOCKED
2026-02-14 16:26:50,Probe,BLOCKED
2026-02-14 16:26:50,Probe,BLOCKED
2026-02-14 16:26:50,Probe,BLOCKED
2026-02-14 16:26:50,Probe,BLOCKED
2026-02-14 16:26:50,Probe,BLOCKED
2026-02-14 16:26:50,Probe,BLOCKED
2026-02-14 16:26:50,Probe,BLOCKED
2026-02-14 16:26:50,Probe,BLOCKED
2026-02-14 16:26:50,Probe,BLOCKED
2026-02-14 16:26:51,R2L,BLOCKED
2026-02-14 16:26:51,R2L,BLOCKED
2026-02-14 16:26:54,U2R,BLOCKED
2026-02-14 16:26:54,U2R,BLOCKED
2026-02-14 16:26:58,Probe,BLOCKED
2026-02-14 16:26:58,Probe,BLOCKED
2026-02-14 16:26:58,Probe,BLOCKED
2026-02-14 16:26:58,Probe,BLOCKED
2026-02-14 16:26:58,R2L,BLOCKED
2026-02-14 16:26:58,R2L,BLOCKED
2026-02-14 16:27:00,Probe,BLOCKED
2026-02-14 16:27:00,Probe,BLOCKED
2026-02-14 16:27:02,Probe,BLOCKED
2026-02-14 16:27:02,Probe,BLOCKED
2026-02-14 16:27:03,Probe,BLOCKED
2026-02-14 16:27:03,Probe,BLOCKED
2026-02-14 16:27:03,Probe,BLOCKED
2026-02-14 16:27:03,Probe,BLOCKED
2026-02-14 16:27:03,Probe,BLOCKED
2026-02-14 16:27:03,Probe,BLOCKED
2026-02-14 16:27:04,U2R,BLOCKED
2026-02-14 16:27:04,R2L,BLOCKED
2026-02-14 16:27:04,R2L,BLOCKED
2026-02-14 16:27:05,Probe,BLOCKED
2026-02-14 16:27:05,U2R,BLOCKED
2026-02-14 16:27:05,Probe,BLOCKED
2026-02-14 16:27:06,U2R,BLOCKED
2026-02-14 16:27:06,U2R,BLOCKED
2026-02-14 16:27:06,Probe,BLOCKED
2026-02-14 16:27:06,U2R,BLOCKED
2026-02-14 16:27:22,Probe,BLOCKED
2026-02-14 16:27:23,U2R,BLOCKED
2026-02-14 16:27:23,U2R,BLOCKED
2026-02-14 16:27:23,Probe,BLOCKED
2026-02-14 16:27:23,U2R,BLOCKED
2026-02-14 16:27:23,U2R,BLOCKED
2026-02-14 16:27:23,U2R,BLOCKED
2026-02-14 16:27:23,U2R,BLOCKED
2026-02-14 16:27:23,U2R,BLOCKED
2026-02-14 16:27:23,U2R,BLOCKED
2026-02-14 16:27:25,Probe,BLOCKED
2026-02-14 16:27:25,U2R,BLOCKED
2026-02-14 16:27:25,Probe,BLOCKED
2026-02-14 16:27:28,U2R,BLOCKED
2026-02-14 16:27:29,Probe,BLOCKED
2026-02-14 16:27:29,U2R,BLOCKED
2026-02-14 16:27:29,Probe,BLOCKED
2026-02-14 16:27:29,U2R,BLOCKED
2026-02-14 16:27:29,U2R,BLOCKED
2026-02-14 16:27:29,R2L,BLOCKED
2026-02-14 16:27:34,U2R,BLOCKED
2026-02-14 16:27:34,U2R,BLOCKED
2026-02-14 16:27:34,U2R,BLOCKED
2026-02-14 16:27:34,U2R,BLOCKED
2026-02-14 16:27:34,U2R,BLOCKED
2026-02-14 16:27:34,Probe,BLOCKED
2026-02-14 16:27:34,Probe,BLOCKED
2026-02-14 16:27:34,Probe,BLOCKED
2026-02-14 16:27:34,U2R,BLOCKED
2026-02-14 16:27:34,Probe,BLOCKED
2026-02-14 16:35:39,Probe,BLOCKED
2026-02-14 16:35:39,U2R,BLOCKED
2026-02-14 16:35:39,U2R,BLOCKED
2026-02-14 16:35:39,U2R,BLOCKED
2026-02-14 16:35:39,U2R,BLOCKED
2026-02-14 16:35:39,U2R,BLOCKED
2026-02-14 16:35:39,U2R,BLOCKED
2026-02-14 16:35:39,Probe,BLOCKED
2026-02-14 16:35:39,Probe,BLOCKED
2026-02-14 16:35:39,U2R,BLOCKED
2026-02-14 16:35:45,Probe,BLOCKED
2026-02-14 16:35:45,U2R,BLOCKED
2026-02-14 16:35:45,Probe,BLOCKED
2026-02-14 16:35:45,R2L,BLOCKED
2026-02-14 16:35:45,R2L,BLOCKED
2026-02-14 16:35:45,Probe,BLOCKED
2026-02-14 16:35:45,U2R,BLOCKED
2026-02-14 16:35:45,Probe,BLOCKED
2026-02-14 16:35:47,Probe,BLOCKED
2026-02-14 16:35:47,Probe,BLOCKED
2026-02-14 16:35:49,U2R,BLOCKED
2026-02-14 16:35:50,Probe,BLOCKED
2026-02-14 16:35:50,U2R,BLOCKED
2026-02-14 16:35:50,Probe,BLOCKED
2026-02-14 16:35:50,U2R,BLOCKED
2026-02-14 16:35:50,U2R,BLOCKED
2026-02-14 16:35:53,Probe,BLOCKED
2026-02-14 16:35:53,Probe,BLOCKED
2026-02-14 16:35:53,Probe,BLOCKED
2026-02-14 16:35:53,Probe,BLOCKED
2026-02-14 16:35:55,U2R,BLOCKED
2026-02-14 16:35:56,U2R,BLOCKED
2026-02-14 16:35:56,Probe,BLOCKED
2026-02-14 16:35:56,Probe,BLOCKED
2026-02-14 16:35:57,Probe,BLOCKED
2026-02-14 16:35:58,Probe,BLOCKED
2026-02-14 16:35:59,U2R,BLOCKED
2026-02-14 16:35:59,U2R,BLOCKED
2026-02-14 16:36:00,Probe,BLOCKED
2026-02-14 16:36:00,U2R,BLOCKED
2026-02-14 16:36:18,R2L,BLOCKED
2026-02-14 16:36:18,R2L,BLOCKED
2026-02-14 16:36:18,Probe,BLOCKED
2026-02-14 16:36:18,Probe,BLOCKED
2026-02-14 16:36:18,U2R,BLOCKED
2026-02-14 16:36:18,U2R,BLOCKED
2026-02-14 16:36:18,Probe,BLOCKED
2026-02-14 16:36:18,U2R,BLOCKED
2026-02-14 16:36:18,U2R,BLOCKED
2026-02-14 16:36:18,U2R,BLOCKED
2026-02-14 16:36:20,U2R,BLOCKED
2026-02-14 16:36:21,Probe,BLOCKED
2026-02-14 16:36:25,Probe,BLOCKED
2026-02-14 16:36:25,U2R,BLOCKED
2026-02-14 16:36:25,Probe,BLOCKED
2026-02-14 16:36:25,U2R,BLOCKED
2026-02-14 16:36:30,U2R,BLOCKED
2026-02-14 16:36:32,Probe,BLOCKED
2026-02-14 16:36:32,Probe,BLOCKED
2026-02-14 16:36:32,U2R,BLOCKED
2026-02-14 16:36:34,Probe,BLOCKED
2026-02-14 16:36:34,Probe,BLOCKED
2026-02-14 16:36:34,Probe,BLOCKED
2026-02-14 16:36:34,Probe,BLOCKED
2026-02-14 16:36:34,Probe,BLOCKED
2026-02-14 16:36:34,Probe,BLOCKED
2026-02-14 16:36:35,R2L,BLOCKED
2026-02-14 16:36:35,R2L,BLOCKED
2026-02-14 16:36:35,U2R,BLOCKED
2026-02-14 16:36:35,Probe,BLOCKED
2026-02-14 16:36:37,U2R,BLOCKED
2026-02-14 16:36:37,U2R,BLOCKED
2026-02-14 16:36:37,U2R,BLOCKED
2026-02-14 16:36:38,Probe,BLOCKED
2026-02-14 16:36:38,Probe,BLOCKED
2026-02-14 16:36:38,Probe,BLOCKED
2026-02-14 16:36:38,Probe,BLOCKED
2026-02-14 16:36:38,Probe,BLOCKED
2026-02-14 16:36:38,U2R,BLOCKED
2026-02-14 16:36:38,Probe,BLOCKED
2026-02-14 16:36:40,U2R,BLOCKED
2026-02-14 16:36:40,U2R,BLOCKED
2026-02-14 16:36:41,U2R,BLOCKED
2026-02-14 16:36:41,U2R,BLOCKED
2026-02-14 16:36:41,Probe,BLOCKED
2026-02-14 16:36:42,Probe,BLOCKED
2026-02-14 16:36:42,U2R,BLOCKED
2026-02-14 16:36:42,U2R,BLOCKED
2026-02-14 16:36:42,Probe,BLOCKED
2026-02-14 16:36:42,U2R,BLOCKED
2026-02-14 16:36:43,Probe,BLOCKED
2026-02-14 16:36:43,Probe,BLOCKED
2026-02-14 16:36:45,U2R,BLOCKED
2026-02-14 16:36:45,U2R,BLOCKED
2026-02-14 16:36:45,Probe,BLOCKED
2026-02-14 16:36:45,U2R,BLOCKED
2026-02-14 16:36:45,Probe,BLOCKED
2026-02-14 16:36:45,Probe,BLOCKED
2026-02-14 16:36:45,Probe,BLOCKED
2026-02-14 16:36:45,U2R,BLOCKED
2026-02-14 16:37:34,R2L,BLOCKED
2026-02-14 16:37:34,DoS,BLOCKED
2026-02-14 16:37:35,U2R,BLOCKED
2026-02-14 16:37:35,U2R,BLOCKED
2026-02-14 16:37:35,U2R,BLOCKED
2026-02-14 16:37:36,U2R,BLOCKED
2026-02-14 16:37:36,DoS,BLOCKED
2026-02-14 16:37:36,DoS,BLOCKED
2026-02-14 16:37:36,U2R,BLOCKED
2026-02-14 16:37:37,U2R,BLOCKED
2026-02-14 16:37:37,DoS,BLOCKED
2026-02-14 16:37:37,DoS,BLOCKED
2026-02-14 16:37:38,DoS,BLOCKED
2026-02-14 16:37:38,DoS,BLOCKED
2026-02-14 16:37:38,DoS,BLOCKED
2026-02-14 16:37:39,DoS,BLOCKED
2026-02-14 16:37:39,U2R,BLOCKED
2026-02-14 16:37:39,DoS,BLOCKED
2026-02-14 16:37:40,DoS,BLOCKED
2026-02-14 16:37:40,DoS,BLOCKED
2026-02-14 16:37:40,U2R,BLOCKED
2026-02-14 16:37:40,U2R,BLOCKED
2026-02-14 16:37:41,DoS,BLOCKED
2026-02-14 16:37:41,DoS,BLOCKED
2026-02-14 16:37:41,U2R,BLOCKED
2026-02-14 16:37:41,DoS,BLOCKED
2026-02-14 16:37:42,DoS,BLOCKED
2026-02-14 16:37:42,U2R,BLOCKED
2026-02-14 16:37:42,DoS,BLOCKED
2026-02-14 16:37:42,U2R,BLOCKED
2026-02-14 16:37:43,U2R,BLOCKED
2026-02-14 16:37:43,U2R,BLOCKED
2026-02-14 16:37:43,U2R,BLOCKED
2026-02-14 16:37:44,Probe,BLOCKED
2026-02-14 16:37:44,U2R,BLOCKED
2026-02-14 16:37:44,U2R,BLOCKED
2026-02-14 16:37:44,U2R,BLOCKED
2026-02-14 16:37:45,DoS,BLOCKED
2026-02-14 16:37:45,DoS,BLOCKED
2026-02-14 16:37:45,DoS,BLOCKED
2026-02-14 16:37:45,U2R,BLOCKED
2026-02-14 16:37:46,DoS,BLOCKED
2026-02-14 16:37:46,DoS,BLOCKED
2026-02-14 16:37:46,DoS,BLOCKED
2026-02-14 16:37:47,U2R,BLOCKED
2026-02-14 16:37:47,DoS,BLOCKED
2026-02-14 16:37:47,DoS,BLOCKED
2026-02-14 16:37:47,DoS,BLOCKED
2026-02-14 16:37:48,DoS,BLOCKED
2026-02-14 16:37:48,DoS,BLOCKED
2026-02-16 13:30:25,R2L,BLOCKED
2026-02-16 13:30:25,DoS,BLOCKED
2026-02-16 13:30:26,U2R,BLOCKED
2026-02-16 13:30:26,U2R,BLOCKED
2026-02-16 13:30:26,U2R,BLOCKED
2026-02-16 13:30:27,U2R,BLOCKED
2026-02-16 13:30:27,DoS,BLOCKED
2026-02-16 13:30:27,DoS,BLOCKED
2026-02-16 13:30:27,U2R,BLOCKED
2026-02-16 13:30:28,U2R,BLOCKED
2026-02-16 13:30:28,DoS,BLOCKED
2026-02-16 13:30:28,DoS,BLOCKED
2026-02-16 13:30:29,DoS,BLOCKED
2026-02-16 13:30:29,DoS,BLOCKED
2026-02-16 13:30:29,DoS,BLOCKED
2026-02-16 13:30:30,DoS,BLOCKED
2026-02-16 13:30:30,U2R,BLOCKED
2026-02-16 13:30:30,DoS,BLOCKED
2026-02-16 13:30:30,DoS,BLOCKED
2026-02-16 13:30:31,DoS,BLOCKED
2026-02-16 13:30:31,U2R,BLOCKED
2026-02-16 13:30:31,U2R,BLOCKED
2026-02-16 13:30:32,DoS,BLOCKED
2026-02-16 13:30:32,DoS,BLOCKED
2026-02-16 13:30:32,U2R,BLOCKED
2026-02-16 13:30:32,DoS,BLOCKED
2026-02-16 13:30:33,DoS,BLOCKED
2026-02-16 13:30:33,U2R,BLOCKED
2026-02-16 13:30:33,DoS,BLOCKED
2026-02-16 13:30:34,U2R,BLOCKED
2026-02-16 13:30:34,U2R,BLOCKED
2026-02-16 13:30:34,U2R,BLOCKED
2026-02-16 13:30:35,U2R,BLOCKED
2026-02-16 13:30:35,Probe,BLOCKED
2026-02-16 13:30:35,U2R,BLOCKED
2026-02-16 13:30:35,U2R,BLOCKED
2026-02-16 13:30:36,U2R,BLOCKED
2026-02-16 13:30:36,DoS,BLOCKED
2026-02-16 13:30:36,DoS,BLOCKED
2026-02-16 13:30:37,DoS,BLOCKED
2026-02-16 13:30:37,U2R,BLOCKED
2026-02-16 13:30:37,DoS,BLOCKED
2026-02-16 13:30:37,DoS,BLOCKED
2026-02-16 13:30:38,DoS,BLOCKED
2026-02-16 13:30:38,U2R,BLOCKED
2026-02-16 13:30:38,DoS,BLOCKED
2026-02-16 13:30:39,DoS,BLOCKED
2026-02-16 13:30:39,DoS,BLOCKED
2026-02-16 13:30:39,DoS,BLOCKED
2026-02-16 13:30:39,DoS,BLOCKED
2026-02-16 13:31:34,Probe,BLOCKED
2026-02-16 13:31:34,Probe,BLOCKED
2026-02-16 13:31:34,R2L,BLOCKED
2026-02-16 13:31:34,U2R,BLOCKED
2026-02-16 13:31:34,U2R,BLOCKED
2026-02-16 13:31:34,Probe,BLOCKED
2026-02-16 13:31:34,Probe,BLOCKED
2026-02-16 13:31:34,U2R,BLOCKED
2026-02-16 13:31:34,U2R,BLOCKED
2026-02-16 13:31:34,Probe,BLOCKED
2026-02-16 13:31:36,R2L,BLOCKED
2026-02-16 13:31:36,Probe,BLOCKED
2026-02-16 13:31:36,Probe,BLOCKED
2026-02-16 13:31:36,Probe,BLOCKED
2026-02-16 13:31:36,Probe,BLOCKED
2026-02-16 13:31:36,R2L,BLOCKED
2026-02-16 13:31:36,R2L,BLOCKED
2026-02-16 13:31:37,R2L,BLOCKED
2026-02-16 13:31:37,R2L,BLOCKED
2026-02-16 13:31:37,R2L,BLOCKED
2026-02-16 13:31:40,U2R,BLOCKED
2026-02-16 13:31:40,U2R,BLOCKED
2026-02-16 13:31:40,U2R,BLOCKED
2026-02-16 13:31:40,Probe,BLOCKED
2026-02-16 13:31:40,R2L,BLOCKED
2026-02-16 13:31:40,R2L,BLOCKED
2026-02-16 13:31:40,R2L,BLOCKED
2026-02-16 13:31:40,Probe,BLOCKED
2026-02-16 13:31:40,Probe,BLOCKED
2026-02-16 13:31:40,Probe,BLOCKED
2026-02-16 13:31:42,R2L,BLOCKED
2026-02-16 13:31:42,U2R,BLOCKED
2026-02-16 13:31:42,Probe,BLOCKED
2026-02-16 13:31:42,Probe,BLOCKED
2026-02-16 13:31:42,Probe,BLOCKED
2026-02-16 13:31:42,Probe,BLOCKED
2026-02-16 13:31:42,U2R,BLOCKED
2026-02-16 13:31:42,Probe,BLOCKED
2026-02-16 13:31:42,Probe,BLOCKED
2026-02-16 13:31:43,Probe,BLOCKED
2026-02-16 13:31:45,Probe,BLOCKED
2026-02-16 13:31:45,Probe,BLOCKED
2026-02-16 13:31:45,Probe,BLOCKED
2026-02-16 13:31:45,R2L,BLOCKED
2026-02-16 13:31:45,U2R,BLOCKED
2026-02-16 13:31:45,Probe,BLOCKED
2026-02-16 13:31:45,Probe,BLOCKED
2026-02-16 13:31:45,Probe,BLOCKED
2026-02-16 13:31:45,Probe,BLOCKED
2026-02-16 13:31:45,U2R,BLOCKED
2026-02-16 13:31:46,Probe,BLOCKED
2026-02-16 13:31:46,Probe,BLOCKED
2026-02-16 13:31:46,Probe,BLOCKED
2026-02-16 13:31:46,Probe,BLOCKED
2026-02-16 13:31:46,R2L,BLOCKED
2026-02-16 13:31:46,R2L,BLOCKED
2026-02-16 13:31:46,Probe,BLOCKED
2026-02-16 13:31:46,U2R,BLOCKED
2026-02-16 13:31:46,U2R,BLOCKED
2026-02-16 13:31:47,U2R,BLOCKED
2026-02-16 13:31:48,R2L,BLOCKED
2026-02-16 13:31:48,R2L,BLOCKED
2026-02-16 13:31:48,R2L,BLOCKED
2026-02-16 13:31:48,U2R,BLOCKED
2026-02-16 13:31:48,R2L,BLOCKED
2026-02-16 13:31:49,Probe,BLOCKED
2026-02-16 13:31:49,Probe,BLOCKED
2026-02-16 13:31:49,Probe,BLOCKED
2026-02-16 13:31:49,Probe,BLOCKED
2026-02-16 13:31:49,U2R,BLOCKED
2026-02-16 13:31:50,U2R,BLOCKED
2026-02-16 13:31:50,U2R,BLOCKED
2026-02-16 13:31:50,U2R,BLOCKED
2026-02-16 13:31:50,U2R,BLOCKED
2026-02-16 13:31:51,R2L,BLOCKED
2026-02-16 13:31:51,U2R,BLOCKED
2026-02-16 13:31:51,Probe,BLOCKED
2026-02-16 13:31:51,Probe,BLOCKED
2026-02-16 13:31:51,Probe,BLOCKED
2026-02-16 13:31:51,R2L,BLOCKED
2026-02-16 13:31:52,U2R,BLOCKED
2026-02-16 13:31:52,U2R,BLOCKED
2026-02-16 13:31:52,U2R,BLOCKED
2026-02-16 13:31:52,Probe,BLOCKED
2026-02-16 13:31:52,Probe,BLOCKED
2026-02-16 13:31:52,Probe,BLOCKED
2026-02-16 13:31:52,R2L,BLOCKED
2026-02-16 13:31:52,Probe,BLOCKED
2026-02-16 13:31:52,Probe,BLOCKED
2026-02-16 13:31:52,Probe,BLOCKED
2026-02-16 13:31:54,R2L,BLOCKED
2026-02-16 13:31:55,U2R,BLOCKED
2026-02-16 13:31:55,Probe,BLOCKED
2026-02-16 13:31:55,Probe,BLOCKED
2026-02-16 13:31:55,Probe,BLOCKED
2026-02-16 13:31:55,Probe,BLOCKED
2026-02-16 13:31:55,Probe,BLOCKED
2026-02-16 13:31:55,Probe,BLOCKED
2026-02-16 13:31:55,Probe,BLOCKED
2026-02-16 13:31:55,Probe,BLOCKED
2026-02-16 13:31:57,R2L,BLOCKED
2026-02-16 13:31:57,Probe,BLOCKED
2026-02-16 13:31:57,Probe,BLOCKED
2026-02-16 13:31:57,U2R,BLOCKED
2026-02-16 13:31:57,Probe,BLOCKED
2026-02-16 13:31:57,Probe,BLOCKED
2026-02-16 13:31:57,Probe,BLOCKED
2026-02-16 13:31:58,Probe,BLOCKED
2026-02-16 13:31:58,Probe,BLOCKED
2026-02-16 13:31:58,U2R,BLOCKED
2026-02-16 13:33:42,R2L,BLOCKED
2026-02-16 13:33:42,DoS,BLOCKED
2026-02-16 13:33:42,U2R,BLOCKED
2026-02-16 13:33:43,U2R,BLOCKED
2026-02-16 13:33:44,U2R,BLOCKED
2026-02-16 13:33:44,U2R,BLOCKED
2026-02-16 13:33:45,DoS,BLOCKED
2026-02-16 13:33:45,DoS,BLOCKED
2026-02-16 13:33:45,U2R,BLOCKED
2026-02-16 13:33:46,U2R,BLOCKED
2026-02-16 13:33:46,DoS,BLOCKED
2026-02-16 13:33:46,DoS,BLOCKED
2026-02-16 13:33:46,DoS,BLOCKED
2026-02-16 13:33:47,DoS,BLOCKED
2026-02-16 13:33:47,DoS,BLOCKED
2026-02-16 13:33:47,DoS,BLOCKED
2026-02-16 13:33:47,U2R,BLOCKED
2026-02-16 13:33:48,DoS,BLOCKED
2026-02-16 13:33:48,DoS,BLOCKED
2026-02-16 13:33:48,DoS,BLOCKED
2026-02-16 13:33:49,U2R,BLOCKED
2026-02-16 13:33:49,U2R,BLOCKED
2026-02-16 13:33:49,DoS,BLOCKED
2026-02-16 13:33:49,DoS,BLOCKED
2026-02-16 13:33:50,U2R,BLOCKED
2026-02-16 13:33:50,DoS,BLOCKED
2026-02-16 13:33:50,DoS,BLOCKED
2026-02-16 13:33:51,U2R,BLOCKED
2026-02-16 13:33:51,DoS,BLOCKED
2026-02-16 13:33:51,U2R,BLOCKED
2026-02-16 13:33:51,U2R,BLOCKED
2026-02-16 13:33:52,U2R,BLOCKED
2026-02-16 13:33:52,U2R,BLOCKED
2026-02-16 13:33:52,Probe,BLOCKED
2026-02-16 13:33:53,U2R,BLOCKED
2026-02-16 13:33:53,U2R,BLOCKED
2026-02-16 13:33:53,U2R,BLOCKED
2026-02-16 13:33:53,DoS,BLOCKED
2026-02-16 13:33:54,DoS,BLOCKED
2026-02-16 13:33:54,DoS,BLOCKED
2026-02-16 13:33:54,U2R,BLOCKED
2026-02-16 13:33:55,DoS,BLOCKED
2026-02-16 13:33:55,DoS,BLOCKED
2026-02-16 13:33:55,DoS,BLOCKED
2026-02-16 13:33:55,U2R,BLOCKED
2026-02-16 13:33:56,DoS,BLOCKED
2026-02-16 13:33:56,DoS,BLOCKED
2026-02-16 13:33:56,DoS,BLOCKED
2026-02-16 13:33:57,DoS,BLOCKED
2026-02-16 13:33:57,DoS,BLOCKED
2026-02-16 16:01:52,R2L,BLOCKED
2026-02-16 16:01:53,DoS,BLOCKED
2026-02-16 16:01:53,U2R,BLOCKED
2026-02-16 16:01:53,U2R,BLOCKED
2026-02-16 16:01:53,U2R,BLOCKED
2026-02-16 16:01:54,U2R,BLOCKED
2026-02-16 16:01:54,DoS,BLOCKED
2026-02-16 16:01:54,DoS,BLOCKED
2026-02-16 16:01:54,U2R,BLOCKED
2026-02-16 16:01:55,U2R,BLOCKED
2026-02-16 16:01:55,DoS,BLOCKED
2026-02-16 16:01:55,DoS,BLOCKED
2026-02-16 16:01:55,DoS,BLOCKED
2026-02-16 16:01:56,DoS,BLOCKED
2026-02-16 16:01:56,DoS,BLOCKED
2026-02-16 16:01:56,DoS,BLOCKED
2026-02-16 16:01:56,U2R,BLOCKED
2026-02-16 16:01:57,DoS,BLOCKED
2026-02-16 16:01:57,DoS,BLOCKED
2026-02-16 16:01:57,DoS,BLOCKED
2026-02-16 16:01:58,U2R,BLOCKED
2026-02-16 16:01:58,U2R,BLOCKED
2026-02-16 16:01:58,DoS,BLOCKED
2026-02-16 16:01:59,DoS,BLOCKED
2026-02-16 16:01:59,U2R,BLOCKED
2026-02-16 16:01:59,DoS,BLOCKED
2026-02-16 16:01:59,DoS,BLOCKED
2026-02-16 16:02:00,U2R,BLOCKED
2026-02-16 16:02:00,DoS,BLOCKED
2026-02-16 16:02:00,U2R,BLOCKED
2026-02-16 16:02:00,U2R,BLOCKED
2026-02-16 16:02:01,U2R,BLOCKED
2026-02-16 16:02:01,U2R,BLOCKED
2026-02-16 16:02:01,Probe,BLOCKED
2026-02-16 16:02:01,U2R,BLOCKED
2026-02-16 16:02:02,U2R,BLOCKED
2026-02-16 16:02:02,U2R,BLOCKED
2026-02-16 16:02:02,DoS,BLOCKED
2026-02-16 16:02:02,DoS,BLOCKED
2026-02-16 16:02:03,DoS,BLOCKED
2026-02-16 16:02:03,U2R,BLOCKED
2026-02-16 16:02:03,DoS,BLOCKED
2026-02-16 16:02:03,DoS,BLOCKED
2026-02-16 16:02:04,DoS,BLOCKED
2026-02-16 16:02:04,U2R,BLOCKED
2026-02-16 16:02:04,DoS,BLOCKED
2026-02-16 16:02:04,DoS,BLOCKED
2026-02-16 16:02:05,DoS,BLOCKED
2026-02-16 16:02:05,DoS,BLOCKED
2026-02-16 16:02:05,DoS,BLOCKED
2026-02-16 16:02:40,Probe,BLOCKED
2026-02-16 16:02:40,R2L,BLOCKED
2026-02-16 16:02:40,Probe,BLOCKED
2026-02-16 16:02:40,Probe,BLOCKED
2026-02-16 16:02:40,R2L,BLOCKED
2026-02-16 16:02:40,Probe,BLOCKED
2026-02-16 16:02:40,Probe,BLOCKED
2026-02-16 16:02:40,R2L,BLOCKED
2026-02-16 16:02:40,Probe,BLOCKED
2026-02-16 16:02:40,Probe,BLOCKED
2026-02-16 16:02:41,U2R,BLOCKED
2026-02-16 16:02:41,Probe,BLOCKED
2026-02-16 16:02:41,U2R,BLOCKED
2026-02-16 16:02:41,Probe,BLOCKED
2026-02-16 16:02:41,U2R,BLOCKED
2026-02-16 16:02:41,Probe,BLOCKED
2026-02-16 16:02:41,U2R,BLOCKED
2026-02-16 16:02:41,Probe,BLOCKED
2026-02-16 16:02:41,U2R,BLOCKED
2026-02-16 16:02:41,Probe,BLOCKED
2026-02-16 16:02:42,Probe,BLOCKED
2026-02-16 16:02:42,U2R,BLOCKED
2026-02-16 16:02:42,R2L,BLOCKED
2026-02-16 16:02:42,U2R,BLOCKED
2026-02-16 16:02:42,Probe,BLOCKED
2026-02-16 16:02:42,Probe,BLOCKED
2026-02-16 16:02:42,U2R,BLOCKED
2026-02-16 16:02:43,R2L,BLOCKED
2026-02-16 16:02:43,Probe,BLOCKED
2026-02-16 16:02:43,U2R,BLOCKED
2026-02-16 16:02:43,Probe,BLOCKED
2026-02-16 16:02:43,R2L,BLOCKED
2026-02-16 16:02:44,U2R,BLOCKED
2026-02-16 16:02:44,Probe,BLOCKED
2026-02-16 16:02:44,Probe,BLOCKED
2026-02-16 16:02:44,R2L,BLOCKED
2026-02-16 16:02:44,Probe,BLOCKED
2026-02-16 16:02:44,Probe,BLOCKED
2026-02-16 16:02:44,R2L,BLOCKED
2026-02-16 16:02:44,U2R,BLOCKED
2026-02-16 16:02:45,R2L,BLOCKED
2026-02-16 16:02:45,Probe,BLOCKED
2026-02-16 16:02:45,Probe,BLOCKED
2026-02-16 16:02:45,R2L,BLOCKED
2026-02-16 16:02:45,Probe,BLOCKED
2026-02-16 16:02:45,U2R,BLOCKED
2026-02-16 16:02:45,R2L,BLOCKED
2026-02-16 16:02:45,Probe,BLOCKED
2026-02-16 16:02:45,U2R,BLOCKED
2026-02-16 16:02:45,R2L,BLOCKED
